StudentID,Name,Gender,AttendanceRate,StudyHoursPerWeek,PreviousGrade,ExtracurricularActivities,ParentalSupport,FinalGrade,Study Hours,Improvement
1.0,John,1,85.0,15.0,78.0,1,0,80.0,4.8,2.0
2.0,Sarah,0,90.0,20.0,85.0,2,2,87.0,2.2,2.0
3.0,Alex,1,78.0,10.0,65.0,0,1,68.0,4.6,3.0
4.0,Michael,1,92.0,25.0,90.0,3,0,92.0,2.9,2.0
5.0,Emma,0,88.0,18.0,82.0,2,2,85.0,4.1,3.0
6.0,Olivia,0,95.0,30.0,88.0,1,0,80.0,2.8,-8.0
7.0,Daniel,1,70.0,8.0,60.0,0,1,62.0,4.5,2.0
8.0,Sophia,0,88.0,17.0,77.0,1,2,78.0,1.0,1.0
9.0,James,1,82.0,12.0,70.0,2,1,72.0,3.6,2.0
10.0,Isabella,0,91.0,22.0,86.0,3,0,88.0,2.9,2.0
2824.0,Shannon Harrison,1,88.0,25.0,90.0,0,0,87.0,3.4,-3.0
7912.0,Peter Davila,1,85.0,20.0,78.0,3,1,88.0,0.1,10.0
4611.0,Katherine Gray,0,91.0,18.0,78.0,0,1,62.0,1.7,-16.0
6514.0,Megan Miller,1,90.0,8.0,85.0,1,2,88.0,1.3,3.0
5396.5,James Williams,1,70.0,20.0,70.0,2,1,88.0,4.4,18.0
2139.0,Derrick Alexander,1,88.0,18.0,85.0,3,0,62.0,1.4,-23.0
5396.5,Courtney Clark,1,95.0,25.0,82.0,2,1,68.0,2.7,-14.0
8573.0,James Smith,0,88.0,12.0,90.0,1,0,92.0,4.1,2.0
5386.0,James Reynolds,1,92.0,22.0,88.0,3,1,78.0,2.0,-10.0
3340.0,Brittany Sutton,0,78.0,25.0,70.0,2,2,88.0,2.1,18.0
6930.0,Annette Medina,1,78.0,12.0,77.0,2,0,87.0,0.8,10.0
2040.0,James Duncan,0,70.0,22.0,77.0,2,2,72.0,4.3,-5.0
9797.0,Donna Taylor,0,95.0,20.0,82.0,1,0,78.0,0.0,-4.0
9201.0,David Robertson,1,82.0,20.0,82.0,1,1,80.0,0.8,-2.0
9837.0,Susan Brown,1,91.0,30.0,77.0,1,0,90.0,4.4,13.0
1949.0,Jessica Ortega,1,91.0,20.0,78.0,1,0,72.0,3.8,-6.0
3705.0,Jeremy Hall,0,88.0,18.0,60.0,3,1,92.0,3.6,32.0
8177.0,Peter Jones,0,90.0,25.0,90.0,2,2,80.0,2.9,-10.0
1117.0,Michael Sampson,1,85.0,25.0,78.0,1,2,87.0,2.6,9.0
4510.0,Daniel Erickson,1,91.0,22.0,77.0,3,2,62.0,1.0,-15.0
6804.0,David Aguilar,0,70.0,17.0,78.0,2,0,80.0,3.6,2.0
4139.0,Benjamin Vance,1,82.0,17.0,65.0,0,0,85.0,2.3,20.0
2604.0,Yolanda Chen,1,82.0,15.0,85.0,3,0,80.0,2.4,-5.0
1960.0,Kristina Douglas,1,88.0,15.0,60.0,2,2,85.0,2.1,25.0
3536.0,Scott Davidson,1,88.0,25.0,78.0,3,1,72.0,0.3,-6.0
1821.0,Alexandra Harrington,0,82.0,12.0,65.0,1,1,87.0,4.3,22.0
4853.0,Richard Johnson,0,90.0,22.0,90.0,3,1,80.0,3.1,-10.0
5396.5,Christopher Chapman,1,95.0,25.0,82.0,0,0,85.0,2.3,3.0
1152.0,Jerry Browning,0,91.0,22.0,85.0,2,1,92.0,2.5,7.0
2127.0,Carrie Page,1,95.0,18.0,65.0,1,1,85.0,3.1,20.0
5905.0,Michelle Benjamin,1,78.0,18.0,85.0,2,1,72.0,0.8,-13.0
6617.0,James Woods,1,88.0,12.0,77.0,2,0,87.0,3.2,10.0
1058.0,Angela Dunn,0,78.0,18.0,65.0,1,1,62.0,2.8,-3.0
3442.0,Nathan Riley,1,95.0,22.0,70.0,0,2,68.0,0.2,-2.0
6862.0,Shelby Mahoney,1,92.0,20.0,88.0,2,2,88.0,3.7,0.0
3900.0,Andrea Frey,0,85.0,10.0,88.0,0,1,92.0,1.3,4.0
7267.0,Justin Martin,1,85.0,25.0,90.0,1,2,85.0,4.1,-5.0
1387.0,Mark Hartman,1,70.0,30.0,82.0,2,2,90.0,3.2,8.0
1452.0,Antonio Hansen,1,88.0,10.0,86.0,2,0,87.0,3.0,1.0
8149.0,Lynn Anderson,1,70.0,22.0,90.0,2,0,62.0,0.0,-28.0
6967.0,Michael Cooley,0,90.0,30.0,86.0,1,1,87.0,3.6,1.0
7691.0,Mitchell Sanders,0,70.0,18.0,70.0,0,0,62.0,3.3,-8.0
5930.0,Maria Cross,0,82.0,18.0,82.0,1,0,62.0,3.9,-20.0
8618.0,Lisa Castillo,0,85.0,25.0,70.0,1,1,68.0,3.3,-2.0
2530.0,Theresa Rodriguez,1,88.0,25.0,90.0,0,0,80.0,1.2,-10.0
8461.0,Kimberly Wood,0,91.0,25.0,60.0,1,2,92.0,0.7,32.0
2746.0,Patricia Cox,0,92.0,10.0,70.0,1,0,72.0,1.2,2.0
3184.0,Kimberly Blair,0,82.0,12.0,86.0,1,2,88.0,4.1,2.0
9976.0,Jason Ramirez,0,78.0,17.0,77.0,2,0,85.0,3.8,8.0
4919.0,Gail Dudley,0,85.0,20.0,82.0,3,2,90.0,1.6,8.0
3267.0,John West,1,92.0,8.0,65.0,3,0,62.0,2.0,-3.0
7812.0,Patricia Carr,1,92.0,8.0,60.0,3,1,80.0,4.3,20.0
8814.0,David Nunez,1,95.0,18.0,60.0,0,1,72.0,4.0,12.0
4595.0,Collin Peterson,0,70.0,17.0,78.0,0,2,62.0,3.6,-16.0
9751.0,Rebecca Smith,1,70.0,22.0,86.0,1,0,62.0,0.7,-24.0
1823.0,Lisa Benjamin,0,70.0,30.0,90.0,1,2,90.0,3.8,0.0
7906.0,Desiree Reyes,0,90.0,17.0,78.0,2,0,90.0,1.1,12.0
1508.0,Megan Diaz,1,92.0,15.0,86.0,0,0,68.0,2.4,-18.0
8619.0,Joseph Adams,0,95.0,10.0,86.0,3,1,87.0,3.9,1.0
2771.0,Sharon Watson,1,88.0,22.0,60.0,0,1,92.0,0.4,32.0
2669.0,Tiffany Smith,0,91.0,20.0,86.0,1,2,72.0,2.1,-14.0
9289.0,Alexander Preston,0,85.0,8.0,77.0,2,2,90.0,3.2,13.0
8135.0,Randall Hickman,1,82.0,18.0,86.0,2,2,78.0,2.2,-8.0
6280.0,David Hernandez,1,90.0,18.0,77.0,3,2,88.0,3.1,11.0
1470.0,Michelle Jones,0,95.0,10.0,77.0,3,2,85.0,-5.0,8.0
1166.0,Tonya Gonzalez,1,90.0,25.0,60.0,1,1,92.0,3.5,32.0
8342.0,Sarah Johnson,1,90.0,18.0,90.0,0,1,92.0,1.5,2.0
8753.0,Grace Valencia,0,70.0,12.0,88.0,1,1,78.0,1.4,-10.0
2976.0,Sarah Young,1,95.0,20.0,70.0,0,0,92.0,3.7,22.0
2647.0,Gerald Weber,1,88.0,25.0,88.0,1,2,80.0,3.5,-8.0
1745.0,Gregory Turner,1,82.0,18.0,78.0,1,0,80.0,2.9,2.0
8216.0,Laura Cortez,0,78.0,15.0,82.0,1,0,87.0,2.0,5.0
3485.0,Lori Miller,1,91.0,18.0,85.0,3,0,72.0,3.8,-13.0
9561.0,Lori Gomez PhD,0,85.0,17.0,82.0,3,2,85.0,2.8,3.0
4404.0,Dawn Foster,1,88.0,20.0,65.0,1,0,72.0,0.4,7.0
8381.0,Peter Welch,0,88.0,15.0,90.0,2,1,80.0,3.5,-10.0
4824.0,Maria Carter,0,91.0,25.0,60.0,2,1,92.0,3.2,32.0
2169.0,Daniel Hood,1,78.0,18.0,86.0,3,2,78.0,0.6,-8.0
7594.0,Amanda Hernandez,0,82.0,12.0,77.0,1,0,88.0,0.2,11.0
5102.0,Alyssa Schmidt,1,90.0,25.0,86.0,3,0,85.0,2.9,-1.0
8708.0,Taylor Merritt DVM,0,88.0,10.0,86.0,0,1,78.0,4.8,-8.0
7690.0,Alyssa Smith,1,95.0,20.0,65.0,1,2,78.0,1.4,13.0
8451.0,Nathan Navarro,1,95.0,18.0,88.0,2,2,72.0,4.1,-16.0
7770.0,Lisa Zimmerman,1,92.0,12.0,88.0,3,2,78.0,3.8,-10.0
9998.0,Jeffrey Howard,1,88.0,17.0,77.0,2,0,88.0,2.5,11.0
6091.0,Morgan Bell,1,82.0,18.0,85.0,1,0,78.0,4.7,-7.0
9165.0,Angelica Steele,0,82.0,18.0,60.0,1,2,92.0,2.3,32.0
4122.0,Gregory Daniels,1,90.0,18.0,60.0,1,1,85.0,4.1,25.0
9022.0,Eric Davis,1,85.0,12.0,77.0,1,2,72.0,3.8,-5.0
5396.5,Natalie Kelley,1,92.0,22.0,60.0,3,2,80.0,1.6,20.0
7325.0,Ruth Davis,1,85.0,15.0,65.0,2,1,90.0,4.3,25.0
9617.0,Emily Torres,1,85.0,18.0,60.0,0,0,78.0,3.9,18.0
7512.0,Nancy Davis,1,95.0,12.0,60.0,1,1,78.0,4.4,18.0
4846.0,Amanda Bowers,0,92.0,20.0,60.0,1,1,87.0,2.2,27.0
1474.0,Alison Lang,1,95.0,15.0,82.0,1,2,62.0,0.7,-20.0
3950.0,Matthew Massey,1,78.0,20.0,86.0,1,1,92.0,2.5,6.0
4804.0,James Anderson,1,88.0,17.0,82.0,1,2,85.0,3.4,3.0
8237.0,Robert Howard,0,91.0,18.0,60.0,2,2,85.0,1.0,25.0
2747.0,Rebecca Brown,1,70.0,22.0,88.0,3,2,85.0,0.1,-3.0
5497.0,Kimberly Harrison,1,91.0,15.0,86.0,1,2,92.0,3.0,6.0
4115.0,Derek Parks,0,78.0,20.0,78.0,2,2,80.0,2.9,2.0
2476.0,Jennifer Baker,0,95.0,8.0,65.0,3,0,72.0,4.4,7.0
3695.0,Diana Schultz,0,85.0,18.0,88.0,2,2,87.0,0.7,-1.0
6992.0,Mrs. Jill Long,1,70.0,15.0,82.0,1,0,78.0,1.8,-4.0
7242.0,Heather Johnson,0,90.0,25.0,77.0,1,1,72.0,1.6,-5.0
2035.0,Robert Lowery,0,88.0,8.0,85.0,0,0,80.0,1.5,-5.0
2592.0,Andrea Frey,1,82.0,10.0,60.0,1,2,72.0,2.1,12.0
7797.0,Angela Williams,1,85.0,22.0,60.0,2,0,80.0,1.1,20.0
6942.0,Brent Burns,1,95.0,12.0,88.0,1,2,85.0,0.9,-3.0
2501.0,Melissa Barber,1,91.0,15.0,78.0,1,0,68.0,3.9,-10.0
4394.0,John Warner,1,92.0,30.0,65.0,3,0,80.0,4.3,15.0
9850.0,Christopher Baxter,0,78.0,18.0,78.0,0,0,90.0,3.9,12.0
1258.0,Courtney Haas,1,88.0,15.0,65.0,0,1,87.0,3.7,22.0
6931.0,Sarah Ross,1,85.0,12.0,90.0,3,0,72.0,1.5,-18.0
1996.0,Manuel Baker,0,70.0,8.0,85.0,1,1,80.0,0.4,-5.0
3430.0,Jessica Lamb,1,78.0,18.0,86.0,1,1,90.0,-5.0,4.0
8433.0,Jaime Nguyen,0,90.0,20.0,70.0,3,2,78.0,4.4,8.0
5396.5,Tina Chavez,1,70.0,20.0,88.0,0,2,85.0,1.9,-3.0
2099.0,Christina Thompson,1,90.0,20.0,60.0,2,1,90.0,4.1,30.0
6400.0,Shari Harrell,1,70.0,18.0,60.0,1,2,88.0,1.6,28.0
3535.0,Tracy Gibbs,0,92.0,20.0,88.0,2,2,87.0,3.8,-1.0
8030.0,David Hoffman,1,91.0,18.0,78.0,0,2,85.0,4.6,7.0
3972.0,Robert Davis,1,91.0,8.0,85.0,0,1,80.0,0.5,-5.0
7163.0,Patricia Greer,0,85.0,30.0,78.0,1,2,90.0,3.9,12.0
1861.0,James Stewart,1,78.0,22.0,78.0,2,2,78.0,3.3,0.0
7785.0,Brent Mendoza,0,92.0,12.0,85.0,1,2,87.0,1.4,2.0
9633.0,Dawn Taylor,0,85.0,25.0,60.0,3,0,80.0,1.0,20.0
5186.0,Larry Brown,0,95.0,20.0,78.0,1,1,62.0,0.9,-16.0
9196.0,Miss Teresa Hernandez MD,0,90.0,8.0,78.0,0,0,78.0,4.6,0.0
7626.0,Edward Baker,0,88.0,20.0,60.0,1,2,68.0,4.0,8.0
6928.0,Diana Gould,1,70.0,20.0,90.0,0,1,62.0,2.6,-28.0
6562.0,Amy Rodriguez,1,95.0,10.0,85.0,2,1,80.0,2.7,-5.0
6752.0,Paul Hull,1,92.0,20.0,65.0,2,0,68.0,3.0,3.0
3902.0,Allison Hamilton,0,85.0,22.0,86.0,1,1,88.0,3.2,2.0
6179.0,John King,1,85.0,20.0,77.0,1,1,85.0,4.0,8.0
6766.0,Tristan Avila,1,88.0,17.0,77.0,1,0,90.0,4.2,13.0
9307.0,Connie Cooper,0,85.0,22.0,70.0,1,2,88.0,3.3,18.0
9214.0,Judith Santos,1,85.0,17.0,85.0,1,1,87.0,2.5,2.0
5059.0,Michaela Powell,0,85.0,12.0,70.0,3,0,90.0,-5.0,20.0
7697.0,Lawrence Roberts,0,91.0,15.0,88.0,2,2,87.0,2.8,-1.0
5128.0,Nicholas Robinson DDS,1,95.0,20.0,86.0,0,2,85.0,4.8,-1.0
3112.0,Jill Smith,1,88.0,12.0,60.0,1,0,72.0,0.5,12.0
9331.0,Michael Burns,0,85.0,30.0,82.0,0,0,90.0,4.7,8.0
4711.0,Adam Weaver,1,78.0,20.0,82.0,2,1,72.0,4.2,-10.0
6517.0,Melvin Mcgee,1,91.0,8.0,65.0,0,0,88.0,4.0,23.0
1715.0,William Banks,0,95.0,25.0,77.0,3,2,78.0,1.2,1.0
8684.0,Dawn Morton,1,95.0,22.0,78.0,1,2,80.0,2.5,2.0
4271.0,Frank Dawson,1,88.0,15.0,77.0,1,1,87.0,3.6,10.0
5670.0,Gregory Davila,1,78.0,18.0,77.0,2,0,62.0,0.5,-15.0
6727.0,Rebekah Finley,1,70.0,15.0,60.0,2,2,92.0,1.9,32.0
4678.0,Robert Martinez,1,95.0,20.0,88.0,0,0,80.0,1.4,-8.0
8685.0,Steven Crawford,0,91.0,15.0,85.0,1,2,92.0,4.2,7.0
2821.0,Leslie King,0,92.0,18.0,85.0,1,0,80.0,3.2,-5.0
2029.0,George Cannon,1,85.0,22.0,70.0,1,1,72.0,2.9,2.0
5772.0,Adam Carlson,0,85.0,22.0,88.0,3,0,62.0,0.9,-26.0
9576.0,Stephanie Lawrence,0,90.0,12.0,70.0,2,1,72.0,0.1,2.0
7338.0,Andrea Frey,0,88.0,15.0,88.0,2,2,92.0,3.7,4.0
6447.0,Adam Blackwell,1,85.0,30.0,70.0,1,1,68.0,4.2,-2.0
8840.0,Andrew Owens,1,78.0,20.0,77.0,1,2,92.0,0.2,15.0
6170.0,John Sexton,0,82.0,8.0,70.0,1,2,80.0,3.8,10.0
5396.5,Jasmine Williams,1,95.0,18.0,85.0,1,2,62.0,3.7,-23.0
4060.0,Leon Nguyen,0,85.0,30.0,70.0,2,0,62.0,0.4,-8.0
9937.0,John White,0,95.0,20.0,85.0,1,1,85.0,1.5,0.0
3730.0,Justin Martinez,0,95.0,17.0,78.0,1,1,62.0,1.4,-16.0
2229.0,Nathaniel Kemp,0,88.0,12.0,65.0,1,0,88.0,3.4,23.0
3068.0,Jacob Murray,1,92.0,30.0,88.0,0,1,80.0,3.0,-8.0
7077.0,Anthony Green,0,85.0,20.0,86.0,0,1,90.0,2.0,4.0
5089.0,Trevor Freeman,1,85.0,18.0,77.0,2,2,72.0,2.5,-5.0
8311.0,Michael Smith,1,91.0,18.0,77.0,3,0,68.0,4.3,-9.0
8292.0,William Hogan,1,95.0,30.0,85.0,2,1,85.0,4.5,0.0
6922.0,Andrea Frey,1,90.0,25.0,65.0,3,2,80.0,1.8,15.0
8657.0,Andrea Frey,1,91.0,20.0,85.0,2,2,78.0,2.6,-7.0
2208.0,Joshua Juarez,1,95.0,20.0,77.0,1,0,72.0,1.7,-5.0
3114.0,Keith Wu,0,82.0,15.0,85.0,2,0,85.0,0.8,0.0
6669.0,Ryan Williams,0,90.0,18.0,90.0,1,0,68.0,3.1,-22.0
9234.0,Ronald Stewart,1,91.0,22.0,65.0,0,1,88.0,3.6,23.0
1674.0,Ronald Schmidt,1,90.0,15.0,86.0,2,1,92.0,3.8,6.0
9159.0,Courtney Bradley,0,88.0,17.0,90.0,0,2,78.0,0.4,-12.0
8202.0,Deanna Gonzalez,0,85.0,17.0,90.0,1,1,68.0,1.6,-22.0
6658.0,Darrell Adams,0,78.0,30.0,70.0,2,0,90.0,1.2,20.0
8366.0,Michael Mata,1,78.0,20.0,78.0,2,2,88.0,2.1,10.0
6123.0,Anthony Dunn,1,78.0,17.0,78.0,1,2,85.0,2.5,7.0
5396.5,Jonathan Hodges,0,92.0,25.0,86.0,1,0,80.0,1.4,-6.0
5681.0,Jill Williams,1,90.0,8.0,65.0,2,1,90.0,3.8,25.0
7563.0,Julia Russell,1,91.0,12.0,90.0,1,1,85.0,0.4,-5.0
5396.5,Shirley Jackson,1,78.0,20.0,60.0,1,2,72.0,4.7,12.0
4261.0,Tonya Thompson,0,82.0,15.0,78.0,1,0,90.0,4.0,12.0
3440.0,Brandon Williamson,1,95.0,18.0,88.0,0,2,80.0,2.5,-8.0
9311.0,Joseph Davis,0,91.0,18.0,78.0,1,2,90.0,3.4,12.0
1436.0,Elizabeth Andersen,0,88.0,22.0,86.0,3,1,80.0,2.9,-6.0
3421.0,Jeffrey Meyers,1,85.0,22.0,85.0,3,0,78.0,1.6,-7.0
4340.0,Christopher Jones,0,82.0,22.0,77.0,1,1,68.0,2.6,-9.0
8837.0,Aimee Rogers,0,95.0,10.0,77.0,2,2,72.0,2.5,-5.0
8932.0,Alexis Bates,1,92.0,18.0,70.0,2,0,85.0,3.9,15.0
9011.0,Michael Evans,0,85.0,30.0,70.0,2,2,87.0,2.5,17.0
7464.0,Omar Gonzalez,0,78.0,18.0,78.0,2,1,87.0,1.7,9.0
8849.0,Melissa Perry,1,92.0,12.0,82.0,2,1,85.0,0.7,3.0
4972.0,Dawn Torres,1,82.0,25.0,90.0,1,0,62.0,1.7,-28.0
3252.0,Timothy Dean,1,82.0,18.0,60.0,1,2,92.0,3.8,32.0
5676.0,Anna Rollins MD,1,90.0,22.0,90.0,2,1,80.0,4.6,-10.0
3880.0,Timothy Barrera,1,70.0,17.0,65.0,2,0,80.0,1.5,15.0
6489.0,Susan Morris,0,85.0,12.0,70.0,1,0,72.0,2.3,2.0
6417.0,Gordon Merritt,1,85.0,18.0,65.0,1,1,90.0,4.0,25.0
3875.0,Kristy Rhodes,0,70.0,12.0,88.0,2,2,87.0,0.9,-1.0
5396.5,Kristi Cross,1,85.0,18.0,60.0,3,2,85.0,4.8,25.0
5285.0,Ms. Marissa Ramirez,0,92.0,15.0,85.0,1,0,68.0,2.0,-17.0
2923.0,Paul Hickman,1,95.0,22.0,90.0,3,0,78.0,0.8,-12.0
7813.0,Mrs. Kathy Woodward,0,82.0,25.0,90.0,3,0,72.0,2.2,-18.0
2279.0,Alexis Horn,1,85.0,12.0,70.0,3,1,72.0,0.7,2.0
2904.0,Shannon Harris DDS,1,91.0,17.0,85.0,2,2,80.0,2.3,-5.0
8484.0,Alicia Ortiz,1,82.0,17.0,82.0,1,2,85.0,-5.0,3.0
5396.5,Steven Wood,1,70.0,30.0,85.0,2,0,80.0,4.9,-5.0
5703.0,Alexis Walton,0,78.0,10.0,60.0,1,2,80.0,4.3,20.0
5396.5,Martin Mcknight,1,95.0,20.0,65.0,2,2,72.0,0.6,7.0
1372.0,Gina Palmer,0,85.0,12.0,60.0,2,2,92.0,1.2,32.0
5516.0,Jean Moreno,1,90.0,15.0,60.0,3,0,80.0,1.0,20.0
8314.0,David Anderson,1,92.0,15.0,60.0,1,0,72.0,1.1,12.0
3295.0,Brian Huffman,0,92.0,22.0,78.0,3,1,90.0,1.2,12.0
7775.0,Jose Liu,1,88.0,15.0,70.0,3,1,68.0,3.1,-2.0
1768.0,Cathy Pratt,0,88.0,12.0,88.0,0,2,68.0,1.5,-20.0
4948.0,Kathy Sandoval,1,88.0,10.0,77.0,1,1,62.0,4.8,-15.0
7363.0,Michael Webb,1,88.0,25.0,88.0,2,2,90.0,0.5,2.0
1844.0,Ronnie Taylor,0,70.0,22.0,86.0,1,0,92.0,4.0,6.0
8854.0,Matthew Miller,1,95.0,18.0,78.0,3,0,87.0,3.7,9.0
4974.0,Shelly Hurley,1,70.0,25.0,70.0,1,2,62.0,2.3,-8.0
6053.0,Mr. Martin Dominguez MD,0,95.0,12.0,77.0,1,0,78.0,3.8,1.0
7073.0,Jennifer Wiggins,0,70.0,18.0,86.0,3,1,68.0,0.1,-18.0
5836.0,Anthony Smith,1,92.0,30.0,90.0,0,1,92.0,2.5,2.0
5216.0,John Lopez,0,85.0,17.0,65.0,1,0,68.0,3.6,3.0
9882.0,Nathan Rodgers,1,82.0,15.0,85.0,1,0,62.0,0.7,-23.0
2113.0,Martin Walker,1,85.0,25.0,70.0,1,2,80.0,3.1,10.0
8993.0,Jesus Wood,1,85.0,12.0,70.0,0,0,80.0,2.6,10.0
1280.0,Kelly Bell,0,78.0,20.0,85.0,2,0,92.0,1.0,7.0
6807.0,Kathryn Randall,0,70.0,20.0,88.0,0,2,88.0,1.2,0.0
5914.0,Sarah Norris,1,85.0,20.0,60.0,0,2,72.0,2.4,12.0
3807.0,Matthew Adams,1,85.0,8.0,78.0,3,0,72.0,4.6,-6.0
8790.0,William Wade,0,85.0,20.0,82.0,2,1,80.0,0.9,-2.0
4394.0,Brian Castro,1,88.0,18.0,82.0,0,1,92.0,2.8,10.0
7288.0,Teresa Sanders,1,90.0,12.0,88.0,1,0,62.0,1.2,-26.0
7499.0,Richard Oneal,0,85.0,18.0,77.0,1,0,90.0,2.8,13.0
4043.0,Christine Cooper,0,90.0,22.0,82.0,3,1,87.0,0.4,5.0
3527.0,Michael Foster,0,95.0,30.0,78.0,2,0,85.0,-5.0,7.0
2674.0,Loretta Gonzalez,1,90.0,10.0,60.0,1,1,72.0,2.6,12.0
2468.0,Douglas Ingram,0,82.0,20.0,86.0,3,2,62.0,0.1,-24.0
2387.0,Randy Anderson,1,91.0,12.0,65.0,0,0,68.0,1.3,3.0
3390.0,Donna Shaw,1,78.0,8.0,82.0,0,2,78.0,3.9,-4.0
5040.0,Joseph Holt,0,91.0,22.0,90.0,1,0,68.0,2.5,-22.0
7224.0,Taylor Acosta,0,85.0,30.0,60.0,3,0,85.0,1.6,25.0
8848.0,Danielle Scott,0,78.0,8.0,88.0,2,1,78.0,4.8,-10.0
6339.0,Melissa Aguirre,0,88.0,8.0,88.0,2,1,92.0,3.0,4.0
1440.0,Cassandra Snyder,0,92.0,17.0,82.0,2,2,80.0,0.7,-2.0
5139.0,Kimberly Lambert,1,70.0,8.0,85.0,1,1,78.0,2.9,-7.0
9907.0,Rebecca Mendoza DDS,1,95.0,12.0,86.0,2,0,92.0,3.3,6.0
1725.0,Michael Anderson,0,95.0,8.0,85.0,1,0,85.0,1.1,0.0
8303.0,Hannah Gentry,0,70.0,17.0,86.0,2,0,90.0,5.0,4.0
5840.0,Patrick Reed,0,90.0,20.0,65.0,1,2,90.0,2.3,25.0
6706.0,Tiffany Huff,0,90.0,18.0,77.0,1,0,85.0,0.2,8.0
1370.0,Thomas Lee,0,90.0,10.0,90.0,2,0,72.0,0.8,-18.0
8570.0,Justin Clark,1,70.0,10.0,65.0,1,2,80.0,3.7,15.0
8037.0,Michael Martinez,0,85.0,25.0,90.0,2,1,87.0,2.9,-3.0
6993.0,Vincent Smith,0,88.0,17.0,85.0,2,1,78.0,2.6,-7.0
7367.0,Sean Hull,0,91.0,20.0,88.0,1,2,88.0,0.9,0.0
2388.0,Sarah Welch,1,95.0,20.0,90.0,2,0,68.0,1.9,-22.0
7852.0,Mr. Stephen Gilmore,1,91.0,8.0,60.0,0,2,72.0,3.5,12.0
3733.0,Barry Parker,0,88.0,10.0,65.0,1,2,88.0,2.5,23.0
8939.0,Joshua Kane,1,92.0,8.0,70.0,2,1,78.0,2.0,8.0
8272.0,Anthony Wright,0,78.0,20.0,86.0,1,0,85.0,0.2,-1.0
3755.0,Nathaniel Lopez,0,91.0,17.0,70.0,2,0,88.0,0.6,18.0
9880.0,Darlene Fletcher,1,85.0,12.0,90.0,0,0,92.0,1.5,2.0
5305.0,Christopher Moore,0,90.0,17.0,85.0,3,0,88.0,3.4,3.0
3719.0,Benjamin White,1,92.0,25.0,78.0,3,2,72.0,2.5,-6.0
6302.0,Jenny Coleman,0,88.0,22.0,82.0,1,1,87.0,0.7,5.0
1971.0,Michael Gomez,0,78.0,10.0,90.0,0,1,90.0,4.1,0.0
9019.0,Caleb Serrano,1,91.0,18.0,60.0,0,2,87.0,3.2,27.0
7600.0,William Carlson,0,95.0,17.0,77.0,1,1,80.0,4.3,3.0
8511.0,Timothy Pruitt,0,90.0,12.0,60.0,3,2,92.0,2.5,32.0
6533.0,Mario Johnston,1,91.0,17.0,88.0,1,0,87.0,3.1,-1.0
3035.0,Rebecca Kim,1,85.0,17.0,78.0,0,0,68.0,4.4,-10.0
5489.0,Joyce Williams,1,95.0,18.0,85.0,1,1,68.0,0.3,-17.0
4836.0,Cynthia Sloan,0,90.0,20.0,78.0,1,2,87.0,0.7,9.0
1152.0,Andrea Frey,1,88.0,20.0,60.0,0,2,87.0,1.1,27.0
2690.0,Andrea Frey,0,95.0,18.0,65.0,0,0,68.0,0.3,3.0
3688.0,Patricia Williams,0,95.0,25.0,65.0,0,1,78.0,4.3,13.0
3293.0,Michael Payne,1,91.0,8.0,88.0,0,2,68.0,1.2,-20.0
5065.0,Brooke Friedman,0,85.0,18.0,90.0,2,1,72.0,0.9,-18.0
1894.0,Daniel Mathis,1,85.0,8.0,85.0,3,2,88.0,0.4,3.0
6185.0,Lynn Jennings,1,70.0,22.0,60.0,1,1,68.0,3.8,8.0
1273.0,Kimberly Randolph,1,85.0,18.0,90.0,1,0,62.0,2.5,-28.0
7939.0,Jack Simmons,0,90.0,12.0,70.0,3,0,85.0,0.4,15.0
3545.0,Daniel Mendez,0,70.0,22.0,85.0,2,1,62.0,3.6,-23.0
5005.0,Travis Lawson,1,70.0,20.0,77.0,3,1,80.0,1.5,3.0
2956.0,Jason Horne DDS,1,78.0,15.0,65.0,1,2,72.0,2.5,7.0
3735.0,Shawn Galloway,0,78.0,18.0,85.0,1,2,62.0,1.4,-23.0
2262.0,Thomas Barnes,0,85.0,12.0,88.0,1,2,88.0,0.8,0.0
2685.0,Elizabeth Curry,1,92.0,12.0,78.0,1,0,92.0,0.2,14.0
3458.0,Nicole Cunningham,1,85.0,12.0,60.0,3,0,92.0,2.1,32.0
5444.0,Patrick Thompson,1,91.0,30.0,85.0,2,1,80.0,0.9,-5.0
7568.0,Marissa Stewart,1,85.0,18.0,82.0,1,0,72.0,2.3,-10.0
5777.0,Melissa Wilson,0,91.0,25.0,77.0,1,1,78.0,5.0,1.0
5396.5,Jaime Glenn,1,78.0,15.0,60.0,1,0,72.0,1.7,12.0
6488.0,Mark Castillo,1,70.0,18.0,85.0,3,1,92.0,2.1,7.0
5584.0,Mr. Kent Stanton,1,85.0,25.0,70.0,0,1,90.0,2.3,20.0
2565.0,Tyrone Phillips,1,70.0,20.0,86.0,3,0,62.0,3.3,-24.0
5778.0,Christopher Collins,0,95.0,8.0,88.0,1,2,85.0,1.2,-3.0
5396.5,David Rowe,1,88.0,10.0,77.0,1,2,62.0,0.6,-15.0
8404.0,Christopher Mccullough,0,85.0,18.0,85.0,2,0,85.0,4.1,0.0
4522.0,Carla Rodriguez,0,78.0,20.0,90.0,1,2,72.0,0.2,-18.0
3848.0,Makayla Howard,1,70.0,17.0,70.0,2,0,87.0,2.3,17.0
2989.0,Barbara White,1,85.0,25.0,65.0,3,2,90.0,3.4,25.0
5240.0,Sarah Davis,1,85.0,20.0,90.0,1,0,87.0,4.5,-3.0
1699.0,Cody Donovan,0,85.0,10.0,86.0,0,1,62.0,2.5,-24.0
3831.0,Jessica Jenkins,0,92.0,10.0,82.0,2,0,68.0,-5.0,-14.0
5835.0,Benjamin Alexander,0,70.0,12.0,77.0,1,0,85.0,1.9,8.0
9614.0,Isaac Lopez,1,82.0,15.0,60.0,1,2,72.0,3.9,12.0
7363.0,Ariana Morse,0,78.0,15.0,88.0,3,0,80.0,4.5,-8.0
1959.0,Brian Avery,0,88.0,18.0,86.0,3,0,87.0,1.2,1.0
9743.0,Amy Lawson,1,92.0,22.0,60.0,1,0,68.0,1.2,8.0
1462.0,Derek Choi,0,91.0,22.0,65.0,3,0,78.0,2.7,13.0
1621.0,Paul Reese,1,85.0,25.0,86.0,3,0,72.0,2.4,-14.0
3137.0,Francisco Chang,0,78.0,30.0,78.0,1,0,88.0,3.5,10.0
9622.0,Christian Knight,0,90.0,18.0,60.0,3,0,90.0,1.5,30.0
8157.0,Andrew Wilkerson,0,95.0,10.0,70.0,3,2,92.0,3.3,22.0
6026.0,Brandon Alvarez,0,78.0,10.0,78.0,3,2,88.0,0.2,10.0
4619.0,Gary Young,1,85.0,10.0,88.0,2,0,90.0,4.9,2.0
6500.0,Jessica Wright,0,85.0,18.0,90.0,3,1,87.0,1.8,-3.0
1020.0,Timothy Clements,1,70.0,17.0,60.0,0,2,80.0,4.4,20.0
2661.0,Alexander Gordon DDS,0,91.0,25.0,65.0,1,0,80.0,1.5,15.0
2715.0,James Martinez,1,95.0,10.0,60.0,0,1,87.0,2.7,27.0
8909.0,Francisco Williams,1,70.0,10.0,86.0,0,0,80.0,0.5,-6.0
7705.0,Jordan Brooks,0,88.0,18.0,90.0,2,0,62.0,2.9,-28.0
1893.0,Kurt Boyd,0,85.0,8.0,85.0,2,1,88.0,2.4,3.0
4390.0,Bryan Salazar,1,88.0,20.0,77.0,2,2,62.0,2.4,-15.0
2493.0,Mrs. Heather Roy,0,78.0,30.0,60.0,1,0,78.0,0.2,18.0
5315.0,Andrea Frey,1,88.0,22.0,78.0,0,1,87.0,0.4,9.0
4727.0,Kathleen Newton,1,70.0,12.0,60.0,2,1,78.0,2.9,18.0
5896.0,Julian Fox,1,70.0,15.0,70.0,3,1,88.0,3.4,18.0
2970.0,Kylie Hancock,0,78.0,10.0,90.0,3,0,80.0,2.1,-10.0
4308.0,Matthew Werner,1,91.0,18.0,88.0,2,0,62.0,2.8,-26.0
5525.0,Kelsey Bush,0,85.0,22.0,86.0,2,2,87.0,2.1,1.0
2730.0,Brandon Dickerson,1,88.0,12.0,88.0,0,2,62.0,3.3,-26.0
1613.0,Jamie Allen,1,88.0,8.0,65.0,3,1,62.0,0.2,-3.0
1807.0,Taylor Smith,0,88.0,30.0,78.0,1,2,80.0,1.4,2.0
4734.0,Elizabeth Chavez,1,88.0,17.0,88.0,2,1,62.0,3.0,-26.0
8237.0,Melissa Morris,1,70.0,17.0,70.0,1,0,72.0,4.0,2.0
9303.0,Donna Hardin,0,78.0,12.0,86.0,1,0,92.0,4.4,6.0
5087.0,Andrew Cook,1,85.0,15.0,88.0,3,2,80.0,4.1,-8.0
5396.5,Dr. Richard Wallace,1,92.0,30.0,77.0,3,2,68.0,2.5,-9.0
6640.0,Samuel Shaw,1,88.0,20.0,82.0,1,2,80.0,0.8,-2.0
4626.0,Mike Waters,1,92.0,18.0,60.0,2,0,80.0,2.4,20.0
1138.0,Andrea Newman,1,88.0,22.0,82.0,2,2,62.0,4.3,-20.0
4575.0,Andrea Frey,0,88.0,12.0,86.0,0,1,87.0,0.0,1.0
5631.0,Barry Jenkins,0,90.0,17.0,85.0,1,2,90.0,4.3,5.0
4086.0,Laurie Johnson,1,82.0,25.0,78.0,3,2,90.0,3.4,12.0
9148.0,John Coleman,0,88.0,8.0,60.0,0,1,80.0,2.9,20.0
6622.0,John Carter,1,82.0,17.0,88.0,2,2,68.0,4.2,-20.0
5813.0,Mr. Devon Garrett,1,85.0,10.0,82.0,2,0,90.0,3.3,8.0
4659.0,Jill Kelly,0,70.0,30.0,78.0,2,1,85.0,-5.0,7.0
1879.0,Richard Gonzalez,1,85.0,25.0,70.0,2,1,62.0,2.6,-8.0
3470.0,Alex White,1,92.0,30.0,60.0,3,2,68.0,1.6,8.0
2324.0,Michael Gonzales,0,95.0,10.0,88.0,1,0,78.0,1.4,-10.0
3595.0,John Williams,0,90.0,10.0,86.0,1,1,62.0,2.0,-24.0
1076.0,Daniel Herrera,1,82.0,25.0,88.0,1,2,72.0,1.0,-16.0
5396.5,Jessica Richardson,1,95.0,18.0,65.0,2,2,72.0,2.9,7.0
1749.0,Ian Glass,0,88.0,17.0,70.0,3,1,80.0,2.2,10.0
6615.0,Heidi Simmons,0,95.0,25.0,65.0,0,0,92.0,1.1,27.0
1359.0,Andrea Fuller,1,90.0,30.0,78.0,0,1,85.0,3.9,7.0
1785.0,David Dunlap,1,85.0,15.0,85.0,0,2,62.0,0.6,-23.0
3508.0,Antonio Mitchell,1,85.0,18.0,60.0,2,1,72.0,1.3,12.0
7862.0,Mariah Cole,1,82.0,22.0,85.0,2,0,87.0,2.5,2.0
5396.5,Rhonda Ramos,1,95.0,8.0,82.0,0,0,72.0,2.5,-10.0
6416.0,Raymond Murillo,1,85.0,15.0,85.0,2,1,78.0,-5.0,-7.0
2659.0,Andrea Bradley,0,92.0,17.0,82.0,2,2,80.0,0.5,-2.0
5760.0,Andrea Frey,0,95.0,8.0,85.0,2,0,80.0,4.3,-5.0
6384.0,Tina Velazquez,0,88.0,22.0,82.0,2,2,90.0,0.9,8.0
8479.0,Bonnie Callahan,0,70.0,17.0,60.0,0,0,68.0,3.5,8.0
2699.0,Eric Scott,0,91.0,17.0,86.0,1,0,88.0,1.9,2.0
5396.5,Maria Leblanc,0,85.0,20.0,60.0,1,0,87.0,1.3,27.0
9598.0,Michael Valenzuela,1,95.0,12.0,70.0,1,0,62.0,3.3,-8.0
6664.0,Robin Spears,0,78.0,12.0,86.0,1,0,68.0,2.5,-18.0
3709.0,David Owens,1,85.0,30.0,90.0,1,2,80.0,2.5,-10.0
7607.0,Andrea Frey,1,90.0,17.0,77.0,3,2,87.0,4.3,10.0
2944.0,Elizabeth Clark,0,85.0,20.0,78.0,0,0,72.0,2.7,-6.0
9328.0,Beverly Fisher,1,85.0,30.0,88.0,1,0,78.0,1.7,-10.0
6952.0,Sarah Bailey,0,90.0,20.0,90.0,1,2,90.0,4.1,0.0
2741.0,Kendra Ramirez,1,78.0,17.0,65.0,0,0,85.0,3.1,20.0
7437.0,Diane Ross,1,85.0,25.0,88.0,2,2,80.0,4.6,-8.0
8381.0,Stephanie Mcfarland,0,91.0,12.0,65.0,1,0,72.0,3.7,7.0
8912.0,Michelle Woods,1,91.0,10.0,65.0,2,2,88.0,3.0,23.0
7859.0,David Ruiz,1,88.0,8.0,88.0,2,2,68.0,0.7,-20.0
9975.0,Jason Castro,0,82.0,18.0,90.0,3,1,85.0,3.4,-5.0
3913.0,Kathleen Montgomery,0,90.0,18.0,70.0,1,1,88.0,4.7,18.0
9747.0,James Bennett,0,70.0,18.0,70.0,2,0,62.0,0.7,-8.0
4275.0,Kelsey Watkins,0,78.0,18.0,82.0,0,0,85.0,1.0,3.0
6876.0,David Park,0,90.0,22.0,70.0,3,1,72.0,1.9,2.0
1769.0,Christopher Poole,0,70.0,8.0,88.0,2,0,80.0,3.7,-8.0
4695.0,Rebecca Baxter,0,88.0,12.0,86.0,3,1,92.0,1.5,6.0
4063.0,Virginia Daniel,1,82.0,20.0,60.0,1,2,85.0,2.8,25.0
5178.0,Melissa Gordon,1,95.0,17.0,65.0,1,0,90.0,3.0,25.0
9037.0,Brett Barrett,0,90.0,30.0,70.0,3,0,72.0,0.3,2.0
7814.0,Brandon Townsend,0,90.0,30.0,90.0,3,1,90.0,2.5,0.0
9691.0,Haley Robertson,0,82.0,15.0,85.0,1,2,92.0,4.5,7.0
1653.0,Michelle Gonzalez,0,70.0,20.0,60.0,2,1,85.0,0.1,25.0
9426.0,Gary Holland,0,85.0,18.0,82.0,3,2,72.0,0.4,-10.0
9814.0,Felicia Howard,1,90.0,25.0,90.0,0,0,92.0,2.7,2.0
2181.0,Sean Walker,1,85.0,17.0,88.0,1,0,87.0,0.3,-1.0
2154.0,Brianna Mills,1,88.0,8.0,60.0,1,1,62.0,2.2,2.0
2938.0,Michael Case,1,91.0,20.0,86.0,1,1,87.0,1.8,1.0
5748.0,Felicia Houston,0,91.0,20.0,82.0,1,2,62.0,4.1,-20.0
3561.0,Kevin Wilson,1,78.0,8.0,70.0,2,1,68.0,1.5,-2.0
1182.0,Mary Vaughn,1,90.0,15.0,78.0,3,1,62.0,2.7,-16.0
4441.0,Andrea Frey,0,92.0,8.0,70.0,0,0,68.0,1.1,-2.0
2877.0,Maurice Martinez,1,91.0,15.0,70.0,1,1,72.0,0.4,2.0
5107.0,Jonathon Perry,1,92.0,22.0,77.0,1,2,68.0,3.4,-9.0
5671.0,Andrea Frey,1,92.0,30.0,77.0,1,2,88.0,3.3,11.0
6971.0,Rebecca Evans,0,88.0,10.0,78.0,1,0,92.0,3.6,14.0
5533.0,Paul Williams,0,78.0,30.0,77.0,1,2,90.0,3.9,13.0
3879.0,Tyler Boyer,1,88.0,10.0,70.0,3,2,87.0,3.6,17.0
7637.0,Kristy Nichols,1,85.0,12.0,82.0,2,1,78.0,3.3,-4.0
7430.0,Darren Martin,1,91.0,18.0,65.0,1,1,72.0,0.5,7.0
4913.0,Katelyn Morgan,1,82.0,10.0,77.0,0,0,88.0,4.7,11.0
5396.5,Dennis Elliott,1,85.0,25.0,77.0,3,0,85.0,1.8,8.0
9485.0,Jesus Henson,0,70.0,17.0,77.0,1,0,90.0,0.5,13.0
5314.0,Robin Stewart,1,70.0,8.0,88.0,3,1,87.0,2.6,-1.0
9460.0,Lawrence Miller,0,95.0,30.0,77.0,1,1,80.0,2.5,3.0
3713.0,Ronnie White,1,90.0,12.0,82.0,3,0,68.0,0.8,-14.0
4773.0,John Fox,0,95.0,20.0,77.0,1,2,92.0,3.0,15.0
1367.0,Andrea Frey,1,85.0,10.0,86.0,3,0,68.0,3.1,-18.0
1916.0,Daniel Scott,1,88.0,10.0,70.0,0,1,88.0,3.2,18.0
2404.0,Andrea Frey,1,85.0,22.0,77.0,1,0,92.0,4.2,15.0
3979.0,Jonathan Mann,0,78.0,18.0,77.0,3,1,87.0,1.1,10.0
2778.0,Bethany Andersen,1,92.0,18.0,70.0,0,0,88.0,0.5,18.0
9706.0,Tiffany Moore,1,90.0,17.0,65.0,3,1,80.0,4.5,15.0
9553.0,Sylvia Chavez,0,95.0,15.0,70.0,0,0,78.0,3.9,8.0
2600.0,Gerald Reilly,0,78.0,18.0,77.0,3,0,85.0,3.0,8.0
5223.0,Ashlee Wilcox,1,85.0,15.0,86.0,2,0,72.0,0.0,-14.0
6175.0,Lance Johnson,0,95.0,20.0,65.0,0,1,88.0,1.3,23.0
6990.0,Andrea Frey,0,70.0,25.0,60.0,2,1,78.0,2.5,18.0
5157.0,Andrea Frey,0,91.0,18.0,60.0,0,1,87.0,3.7,27.0
2642.0,Patrick Gonzalez MD,1,82.0,8.0,88.0,2,1,80.0,0.8,-8.0
2492.0,Cole Gomez,1,85.0,22.0,60.0,2,0,85.0,1.1,25.0
7296.0,Alejandro Gutierrez,0,91.0,12.0,82.0,3,0,68.0,3.2,-14.0
4304.0,Natalie Long,0,92.0,15.0,86.0,2,1,92.0,3.1,6.0
6893.0,Abigail Ingram,1,85.0,10.0,85.0,2,2,90.0,3.3,5.0
9482.0,Eileen Lee,1,90.0,20.0,70.0,2,1,72.0,4.6,2.0
5530.0,Nancy Moore,1,91.0,25.0,77.0,0,1,80.0,1.3,3.0
2185.0,Melanie Wilson,0,95.0,20.0,70.0,2,1,88.0,1.3,18.0
8923.0,Gloria Henderson,1,95.0,17.0,77.0,3,0,78.0,0.6,1.0
4610.0,Christopher Payne,1,95.0,8.0,88.0,2,1,80.0,3.5,-8.0
5706.0,John Franklin,1,70.0,30.0,85.0,2,0,78.0,1.6,-7.0
3994.0,Angel Stout,1,85.0,25.0,90.0,3,2,92.0,1.1,2.0
5396.5,James Watkins,1,90.0,20.0,77.0,3,0,72.0,4.8,-5.0
6167.0,Candace Kelly,0,91.0,18.0,77.0,0,0,85.0,2.0,8.0
1887.0,Zachary Daniel,0,85.0,12.0,78.0,2,2,62.0,4.3,-16.0
8490.0,Angel Howard,1,82.0,17.0,88.0,1,0,92.0,1.9,4.0
6924.0,Heather Hill,0,78.0,12.0,78.0,3,2,78.0,4.8,0.0
4013.0,Heather Gamble,1,70.0,25.0,60.0,1,2,62.0,1.4,2.0
4744.0,Sean Levine,1,88.0,25.0,70.0,0,2,92.0,0.7,22.0
8749.0,Brian Diaz,1,78.0,8.0,77.0,0,1,72.0,2.7,-5.0
5915.0,Catherine Koch,0,82.0,22.0,78.0,0,0,68.0,0.3,-10.0
2577.0,Andrea Frey,0,95.0,18.0,88.0,1,1,72.0,4.7,-16.0
1324.0,Anne Martin,0,90.0,30.0,86.0,1,1,88.0,3.2,2.0
5663.0,Mary Warren,0,95.0,12.0,77.0,1,0,62.0,3.1,-15.0
3745.0,Amanda Bryant,0,70.0,22.0,86.0,0,0,87.0,0.8,1.0
6191.0,Joel Ford,0,88.0,22.0,60.0,2,2,90.0,3.7,30.0
7782.0,Mark Miller,1,78.0,15.0,65.0,3,1,85.0,4.7,20.0
4450.0,Sarah Russell,1,70.0,20.0,85.0,2,2,72.0,0.3,-13.0
9584.0,Lisa Mitchell,1,90.0,18.0,86.0,0,0,62.0,1.5,-24.0
8260.0,William White,1,78.0,12.0,65.0,1,0,90.0,4.3,25.0
8654.0,Jacqueline Garcia,0,82.0,17.0,65.0,2,0,88.0,2.5,23.0
9576.0,Elizabeth Wright,0,95.0,17.0,70.0,3,0,78.0,1.5,8.0
3551.0,Pamela Woods,1,85.0,15.0,70.0,0,2,85.0,2.3,15.0
8816.0,Sydney Patterson,0,85.0,8.0,82.0,3,0,80.0,2.7,-2.0
8161.0,Lisa Johnson,0,92.0,10.0,60.0,0,0,85.0,0.4,25.0
9464.0,Todd Jackson,0,88.0,12.0,82.0,0,0,87.0,0.9,5.0
8460.0,Shelby Richards,0,88.0,22.0,77.0,3,2,80.0,0.8,3.0
4046.0,Joseph Roberts,1,88.0,18.0,65.0,1,1,80.0,1.2,15.0
9086.0,Samantha Burton,1,95.0,8.0,82.0,1,2,78.0,3.5,-4.0
2314.0,Cynthia Mcdonald,1,85.0,18.0,60.0,2,1,78.0,0.9,18.0
1206.0,Kimberly Petty,1,92.0,8.0,77.0,3,1,80.0,1.0,3.0
9538.0,Joshua Carpenter,1,85.0,8.0,82.0,1,0,80.0,3.7,-2.0
5150.0,Jessica Fuller,0,88.0,25.0,88.0,1,1,92.0,4.9,4.0
6316.0,Andrea Barber,1,78.0,18.0,86.0,2,2,92.0,0.0,6.0
3539.0,Brian Lyons,0,90.0,25.0,65.0,1,0,88.0,1.7,23.0
1979.0,Tammy Fuentes,0,78.0,12.0,85.0,0,2,92.0,2.5,7.0
8187.0,Robert Taylor,1,85.0,8.0,88.0,0,2,80.0,2.4,-8.0
9892.0,David Gonzalez,0,92.0,22.0,65.0,2,2,80.0,3.7,15.0
2128.0,Steven Myers,1,85.0,18.0,82.0,2,2,78.0,0.0,-4.0
4039.0,Cassandra Perez,1,91.0,30.0,86.0,3,2,87.0,3.3,1.0
4110.0,Jacqueline Eaton,0,82.0,10.0,86.0,2,0,62.0,3.2,-24.0
9572.0,Carrie Mccoy,1,85.0,10.0,65.0,1,0,87.0,2.4,22.0
7366.0,Amy Fisher,0,82.0,22.0,86.0,2,0,90.0,1.1,4.0
1214.0,Stephanie Reid,1,85.0,20.0,77.0,1,2,72.0,3.7,-5.0
1955.0,Reginald Hoover,0,82.0,15.0,85.0,1,0,92.0,4.8,7.0
4784.0,Christina Russo,0,92.0,25.0,70.0,3,1,68.0,2.8,-2.0
2728.0,Raymond Howell,0,85.0,8.0,85.0,0,0,72.0,2.0,-13.0
9747.0,Angela Perez,0,95.0,30.0,70.0,1,2,62.0,3.8,-8.0
4943.0,Charles Aguilar,1,70.0,12.0,82.0,1,2,78.0,4.8,-4.0
5660.0,Caitlyn Green,1,82.0,10.0,82.0,1,2,92.0,2.5,10.0
5521.0,Ronald Davis,1,90.0,15.0,77.0,1,0,68.0,1.3,-9.0
4817.0,Melissa Lucas,0,88.0,20.0,86.0,0,1,92.0,3.7,6.0
8905.0,Heidi Leonard,1,85.0,22.0,85.0,3,1,85.0,0.2,0.0
5396.5,Samantha Patton,1,95.0,30.0,60.0,0,0,92.0,3.7,32.0
7266.0,Richard Swanson,1,88.0,12.0,78.0,1,1,88.0,0.7,10.0
3509.0,Lauren Simpson,1,70.0,17.0,86.0,3,1,87.0,1.1,1.0
5396.5,Kimberly Raymond,1,95.0,20.0,77.0,3,1,80.0,2.7,3.0
7529.0,Marissa Raymond,1,78.0,10.0,77.0,2,0,78.0,2.0,1.0
9589.0,Joyce Bishop,1,92.0,18.0,82.0,0,2,88.0,0.4,6.0
7939.0,Michael Kelly,0,95.0,25.0,88.0,1,1,80.0,3.8,-8.0
8245.0,Peggy Hill,1,85.0,15.0,90.0,3,1,90.0,0.8,0.0
2841.0,Derrick Love,1,88.0,22.0,65.0,2,0,90.0,3.5,25.0
8373.0,Laura Stevens,0,85.0,30.0,90.0,2,0,92.0,2.7,2.0
9991.0,Terri Potter,0,91.0,10.0,78.0,0,1,72.0,0.2,-6.0
5653.0,Veronica Saunders,1,91.0,18.0,78.0,1,1,80.0,0.3,2.0
6901.0,Emily Townsend,1,85.0,18.0,60.0,3,2,72.0,4.9,12.0
8940.0,James Long,1,78.0,25.0,70.0,1,1,80.0,2.5,10.0
6465.0,Jennifer Dickson,0,70.0,10.0,78.0,1,1,90.0,1.8,12.0
9212.0,Alexa West,0,85.0,18.0,60.0,1,1,85.0,1.1,25.0
3248.0,Phillip Donovan,1,70.0,12.0,86.0,3,2,92.0,2.9,6.0
6395.0,Monique King,0,82.0,10.0,90.0,0,1,72.0,3.4,-18.0
6062.0,Karl Murray,1,70.0,18.0,86.0,0,2,87.0,2.8,1.0
4016.0,Julia Brooks,0,78.0,15.0,88.0,0,2,80.0,2.2,-8.0
3489.0,Lauren Montgomery,1,88.0,10.0,65.0,1,1,88.0,1.3,23.0
4804.0,Nathan Wall,1,85.0,30.0,85.0,1,0,72.0,4.2,-13.0
4014.0,Kristin Macias,0,85.0,17.0,65.0,0,0,92.0,0.2,27.0
5421.0,Samuel Smith,0,92.0,25.0,90.0,2,0,80.0,4.3,-10.0
8496.0,Andrea Frey,1,70.0,8.0,78.0,3,1,62.0,3.6,-16.0
9530.0,Bradley Stevens,1,85.0,17.0,78.0,3,1,72.0,2.0,-6.0
7347.0,Morgan Hampton,1,92.0,18.0,77.0,0,2,85.0,2.3,8.0
1893.0,Lori Carrillo,1,85.0,17.0,85.0,2,0,68.0,3.9,-17.0
7440.0,Samantha Novak,0,95.0,17.0,78.0,0,2,88.0,4.5,10.0
2477.0,Audrey Robinson,0,95.0,10.0,85.0,2,0,78.0,3.2,-7.0
9383.0,Lindsey Kerr,1,70.0,12.0,60.0,1,0,90.0,2.8,30.0
3656.0,Cynthia Nguyen,1,78.0,15.0,60.0,2,2,78.0,1.4,18.0
3155.0,Ryan Hood,1,85.0,22.0,82.0,1,2,78.0,4.3,-4.0
9084.0,Matthew Stevenson,1,92.0,22.0,77.0,1,2,78.0,0.4,1.0
5009.0,Rhonda White,0,91.0,12.0,90.0,1,0,68.0,0.3,-22.0
3381.0,Larry Ramsey,1,91.0,22.0,82.0,1,0,80.0,0.5,-2.0
5659.0,Kimberly Anderson,1,85.0,22.0,88.0,1,0,85.0,1.6,-3.0
8001.0,Brian Miles,1,88.0,17.0,78.0,2,1,80.0,1.6,2.0
4425.0,Kelly Baker,1,90.0,22.0,70.0,2,2,88.0,4.7,18.0
7996.0,Wendy Miller,0,88.0,12.0,86.0,3,2,68.0,3.1,-18.0
9069.0,Michael Webster,1,91.0,25.0,82.0,3,0,87.0,0.1,5.0
4396.0,Michelle Ryan,0,70.0,15.0,88.0,1,1,92.0,0.1,4.0
5168.0,Justin Jennings,1,88.0,18.0,70.0,2,2,80.0,0.6,10.0
7488.0,Norma Ward,1,78.0,25.0,88.0,1,1,78.0,4.6,-10.0
8888.0,Andrea Frey,1,85.0,12.0,88.0,1,2,80.0,4.2,-8.0
9779.0,Vincent Johnson,1,92.0,22.0,78.0,1,0,68.0,1.4,-10.0
7147.0,David Stone,1,91.0,22.0,60.0,0,1,87.0,4.3,27.0
6152.0,Amy Evans,1,88.0,8.0,85.0,1,0,90.0,2.3,5.0
5396.5,Caleb Walker,0,78.0,20.0,88.0,1,0,80.0,2.2,-8.0
9192.0,Stephen Ramirez,1,92.0,30.0,77.0,2,2,90.0,0.7,13.0
4361.0,Nicholas Baxter,1,85.0,8.0,70.0,2,0,85.0,4.7,15.0
6460.0,Raymond Smith,0,85.0,20.0,70.0,2,0,88.0,3.8,18.0
6257.0,Roy Johnson,1,92.0,18.0,82.0,2,2,78.0,3.4,-4.0
3580.0,Ryan Vasquez,1,90.0,15.0,86.0,2,1,87.0,2.5,1.0
5440.0,Justin Johnson,1,88.0,22.0,90.0,0,0,85.0,3.1,-5.0
1831.0,Andrea Frey,1,85.0,18.0,78.0,2,2,80.0,0.4,2.0
8304.0,Kaylee Benjamin,0,88.0,30.0,90.0,2,0,78.0,2.8,-12.0
2593.0,Charles Murphy,0,88.0,17.0,77.0,3,0,68.0,4.3,-9.0
6954.0,Grant Henderson,0,78.0,18.0,88.0,1,2,80.0,0.3,-8.0
8842.0,Michael Woods,0,78.0,18.0,88.0,3,1,68.0,2.5,-20.0
6339.0,Michael Kane,1,88.0,12.0,77.0,0,1,62.0,1.2,-15.0
8903.0,Susan Benson,0,90.0,30.0,90.0,3,2,62.0,2.8,-28.0
3835.0,Timothy Armstrong,1,91.0,17.0,85.0,3,1,78.0,1.6,-7.0
3886.0,Cindy Harvey,0,70.0,20.0,86.0,2,1,88.0,3.9,2.0
9098.0,Caitlin Carter,1,90.0,25.0,65.0,3,1,80.0,3.8,15.0
8421.0,Ricky Johnson,0,70.0,22.0,86.0,1,0,92.0,3.4,6.0
5989.0,Bryan Hoover,0,95.0,20.0,86.0,1,1,72.0,2.0,-14.0
2022.0,Elijah Wagner,0,82.0,15.0,78.0,2,2,87.0,4.3,9.0
8073.0,Felicia Davis,0,95.0,8.0,60.0,0,2,72.0,1.1,12.0
3278.0,Jonathan Hess,1,82.0,8.0,88.0,0,0,85.0,5.0,-3.0
3200.0,Michael Yoder,1,90.0,15.0,65.0,1,1,62.0,4.9,-3.0
3248.0,Samantha York,0,85.0,22.0,60.0,3,0,78.0,2.5,18.0
7303.0,Joanna Martinez,0,92.0,10.0,60.0,3,0,88.0,2.5,28.0
9220.0,Penny Hopkins,0,70.0,12.0,86.0,1,0,80.0,2.8,-6.0
2854.0,Justin Foster,0,90.0,18.0,78.0,2,2,72.0,0.4,-6.0
5017.0,Jennifer Morgan,0,90.0,12.0,86.0,2,1,80.0,4.5,-6.0
8681.0,Dalton Chen,0,82.0,17.0,86.0,1,2,90.0,4.8,4.0
3744.0,Mrs. Amy Carney MD,1,91.0,18.0,86.0,2,0,78.0,2.9,-8.0
5780.0,Melissa Wang,1,88.0,17.0,85.0,0,1,87.0,4.3,2.0
5396.5,Chelsea Porter,0,88.0,18.0,78.0,2,1,68.0,4.6,-10.0
8317.0,Cameron Bender,0,78.0,18.0,90.0,1,0,72.0,4.3,-18.0
5396.5,Vanessa Hall,1,85.0,8.0,60.0,3,1,78.0,3.6,18.0
6653.0,Daniel Solomon,1,88.0,20.0,78.0,1,2,62.0,2.4,-16.0
7222.0,Deanna Jones,0,85.0,18.0,65.0,2,2,80.0,1.4,15.0
6172.0,Alicia Young,1,90.0,12.0,88.0,0,1,85.0,1.7,-3.0
5183.0,Peter Figueroa,0,85.0,25.0,86.0,3,1,90.0,3.4,4.0
9972.0,Jacob Thompson,1,85.0,20.0,78.0,0,0,72.0,0.5,-6.0
4594.0,Jonathon Woodward,0,88.0,25.0,78.0,1,1,87.0,0.3,9.0
2995.0,Brian Hayes,1,90.0,22.0,65.0,0,1,88.0,4.0,23.0
4018.0,Lisa Carroll,0,88.0,17.0,85.0,1,2,62.0,3.5,-23.0
5216.0,Cassandra Ryan,1,90.0,18.0,78.0,0,2,90.0,5.0,12.0
3915.0,Terri Hayden,0,90.0,17.0,90.0,3,2,68.0,3.2,-22.0
9857.0,Taylor Burns,0,92.0,22.0,85.0,1,1,85.0,0.5,0.0
5105.0,Andrew Jimenez,0,85.0,17.0,65.0,1,0,62.0,1.3,-3.0
7411.0,Wendy King,1,82.0,17.0,77.0,0,2,87.0,2.7,10.0
8898.0,Luis Carter,1,91.0,12.0,88.0,1,1,85.0,2.0,-3.0
6985.0,Nicholas Jones,0,90.0,17.0,78.0,3,0,72.0,0.2,-6.0
5896.0,Tiffany Sanders,0,90.0,30.0,77.0,2,1,78.0,3.7,1.0
4163.0,Andrea Frey,1,91.0,25.0,77.0,0,0,72.0,3.2,-5.0
1268.0,Tina Knight,1,95.0,15.0,88.0,1,2,87.0,1.1,-1.0
9791.0,Brittany Andrews,1,91.0,25.0,85.0,1,1,68.0,2.4,-17.0
1750.0,William Weber,1,78.0,15.0,65.0,1,2,87.0,2.3,22.0
2742.0,Angela Ortiz,1,85.0,22.0,86.0,3,0,92.0,2.1,6.0
6312.0,David Meyer,1,88.0,12.0,65.0,1,0,80.0,3.0,15.0
5396.5,Michelle Aguilar,0,78.0,8.0,65.0,1,1,68.0,2.2,3.0
3185.0,Travis Harrell,1,91.0,8.0,65.0,1,2,87.0,0.0,22.0
5648.0,Craig Mccann,0,85.0,10.0,90.0,0,1,85.0,2.6,-5.0
3859.0,Scott Edwards,1,91.0,10.0,77.0,3,0,85.0,1.7,8.0
4144.0,Kelly Cohen,1,82.0,20.0,86.0,1,1,72.0,1.1,-14.0
5528.0,David Diaz,1,92.0,20.0,65.0,1,2,80.0,0.8,15.0
6966.0,Joseph Green,0,92.0,8.0,82.0,1,1,80.0,0.2,-2.0
9804.0,Henry Johnson,1,78.0,15.0,77.0,2,0,87.0,4.5,10.0
6340.0,Keith Wilson,0,92.0,30.0,90.0,2,2,92.0,0.5,2.0
4276.0,Jordan Chase,0,92.0,20.0,77.0,3,2,80.0,4.5,3.0
8454.0,Kayla Solomon,1,70.0,30.0,65.0,1,1,92.0,3.2,27.0
6503.0,Hayley Johnson,1,85.0,22.0,78.0,2,0,87.0,4.3,9.0
3804.0,John Bender,0,92.0,18.0,86.0,0,1,88.0,4.5,2.0
2416.0,William Christian,0,82.0,17.0,90.0,3,2,80.0,1.4,-10.0
5041.0,Michael Willis,1,95.0,8.0,86.0,3,1,68.0,4.6,-18.0
1724.0,James Simmons,1,85.0,12.0,78.0,0,1,62.0,2.4,-16.0
8412.0,Christopher Sullivan,1,92.0,18.0,70.0,1,1,62.0,4.7,-8.0
5846.0,Michelle Santos,1,90.0,15.0,78.0,2,0,78.0,4.3,0.0
8452.0,Michael Walters,0,78.0,8.0,65.0,1,1,78.0,3.5,13.0
7305.0,Jason Anderson,0,82.0,15.0,82.0,0,2,88.0,2.7,6.0
2326.0,Andrea Frey,0,85.0,12.0,88.0,1,0,62.0,1.8,-26.0
6989.0,James Hoover,0,78.0,12.0,85.0,2,1,92.0,0.7,7.0
9841.0,Julie Garza,1,85.0,22.0,90.0,3,2,90.0,4.5,0.0
5540.0,Lisa Williams,1,90.0,30.0,88.0,1,2,72.0,2.6,-16.0
9714.0,Erica Thomas,0,85.0,22.0,88.0,2,0,78.0,0.4,-10.0
5724.0,Calvin Vargas,1,90.0,10.0,82.0,2,0,68.0,2.5,-14.0
5803.0,Molly Jones,0,82.0,10.0,77.0,1,2,78.0,3.7,1.0
4097.0,Shannon Hogan,1,85.0,18.0,70.0,1,2,88.0,1.7,18.0
8965.0,James Fields,0,85.0,18.0,78.0,0,2,68.0,3.9,-10.0
7093.0,Arthur Johnson,0,85.0,10.0,88.0,2,2,68.0,3.1,-20.0
3986.0,Collin Edwards,1,78.0,10.0,90.0,2,0,90.0,2.9,0.0
7056.0,Kimberly Smith,1,92.0,18.0,78.0,1,2,68.0,1.9,-10.0
9743.0,Mr. Clinton Camacho,0,90.0,15.0,60.0,1,0,78.0,4.6,18.0
9948.0,Taylor Moyer,1,88.0,17.0,82.0,3,0,68.0,4.0,-14.0
6549.0,Andrea Frey,1,85.0,15.0,78.0,2,0,85.0,0.1,7.0
8306.0,David Jimenez,0,90.0,30.0,78.0,3,1,92.0,2.9,14.0
4206.0,Kyle Coleman,1,90.0,18.0,77.0,2,1,62.0,1.0,-15.0
6915.0,Marvin Cardenas,0,78.0,8.0,88.0,0,2,80.0,1.4,-8.0
8300.0,Eddie Robertson,1,92.0,17.0,60.0,1,2,68.0,4.0,8.0
5396.5,Christopher Diaz,1,78.0,25.0,82.0,1,1,90.0,0.3,8.0
2449.0,Christopher Taylor,1,70.0,18.0,60.0,0,1,78.0,3.6,18.0
4264.0,Brenda Bell,1,70.0,18.0,70.0,1,0,85.0,4.2,15.0
8593.0,Ashley Nguyen,1,85.0,15.0,65.0,2,2,78.0,0.6,13.0
7834.0,Michael Bailey,1,85.0,25.0,78.0,2,2,78.0,5.0,0.0
8872.0,Maria Scott,0,88.0,18.0,85.0,1,1,88.0,0.1,3.0
1958.0,Katherine Mclaughlin,1,95.0,17.0,65.0,1,0,80.0,1.4,15.0
1798.0,Karen Cruz,0,88.0,12.0,85.0,2,0,68.0,3.8,-17.0
9908.0,Jodi Taylor,0,95.0,18.0,82.0,1,0,72.0,2.9,-10.0
3243.0,Thomas Mcgrath,0,95.0,17.0,60.0,1,0,87.0,1.1,27.0
5396.5,Alec Peterson,1,70.0,17.0,85.0,2,0,80.0,2.4,-5.0
3277.0,Kathy Bailey,1,91.0,12.0,88.0,0,1,85.0,0.1,-3.0
3108.0,Karen Wolf,1,92.0,18.0,65.0,3,0,87.0,2.1,22.0
2273.0,Mary Jones,1,85.0,8.0,78.0,3,0,80.0,2.5,2.0
8685.0,Lisa Houston,1,88.0,15.0,78.0,2,1,80.0,3.8,2.0
4365.0,Ashley Jordan,1,78.0,30.0,78.0,2,0,85.0,4.7,7.0
3630.0,Lonnie Williams,1,82.0,22.0,85.0,2,1,80.0,2.6,-5.0
5617.0,Michael Poole,1,82.0,15.0,85.0,3,1,78.0,1.8,-7.0
8203.0,David Martinez,1,78.0,30.0,60.0,0,0,72.0,-5.0,12.0
3025.0,Eduardo Miller,0,90.0,12.0,65.0,1,2,85.0,2.8,20.0
6375.0,Kristine Williams,0,88.0,8.0,82.0,1,1,85.0,3.4,3.0
7672.0,Andrea Frey,0,70.0,25.0,85.0,1,0,90.0,0.9,5.0
2723.0,Audrey Woods,0,85.0,12.0,85.0,2,0,62.0,2.0,-23.0
3764.0,Lauren Brown,1,95.0,25.0,88.0,3,1,62.0,0.6,-26.0
5563.0,Stephanie Merritt,0,70.0,30.0,77.0,3,2,78.0,2.6,1.0
2770.0,Rebecca Jones,1,88.0,17.0,77.0,3,1,68.0,0.1,-9.0
2117.0,Isaiah Arnold,0,85.0,10.0,60.0,3,1,90.0,0.8,30.0
2253.0,Andrea Frey,0,85.0,25.0,82.0,1,2,72.0,1.3,-10.0
1517.0,Andrew Dudley,0,90.0,8.0,77.0,1,2,78.0,2.3,1.0
5965.0,Kenneth Jones,1,85.0,8.0,65.0,2,1,62.0,2.4,-3.0
9837.0,Jane Griffith,0,85.0,12.0,65.0,2,0,62.0,1.3,-3.0
6779.0,Jeff Phillips,0,95.0,15.0,78.0,3,0,68.0,4.2,-10.0
6591.0,Dawn Edwards,0,90.0,8.0,88.0,1,2,90.0,0.3,2.0
4844.0,Paige Campbell,0,91.0,20.0,85.0,2,0,90.0,0.8,5.0
1612.0,Belinda Kim,0,70.0,22.0,70.0,0,2,80.0,3.5,10.0
6185.0,Christopher Cruz,0,88.0,8.0,88.0,3,0,78.0,0.5,-10.0
6504.0,Ruben Steele,0,82.0,30.0,65.0,3,2,90.0,4.8,25.0
2234.0,Bradley Martinez,1,88.0,18.0,78.0,2,1,62.0,4.0,-16.0
2552.0,Alison Williams,0,88.0,20.0,86.0,2,2,62.0,1.0,-24.0
5945.0,Scott Ferguson,0,70.0,12.0,88.0,3,2,62.0,1.3,-26.0
9971.0,David Brown,1,85.0,12.0,65.0,3,2,92.0,3.3,27.0
5396.5,Joseph Smith,0,91.0,15.0,70.0,3,2,78.0,0.7,8.0
8133.0,Andrea Frey,0,95.0,20.0,90.0,0,2,85.0,3.2,-5.0
7649.0,Renee Scott,1,90.0,10.0,90.0,1,0,85.0,2.3,-5.0
7914.0,Aimee Green,1,92.0,10.0,82.0,0,0,85.0,3.9,3.0
1691.0,Ricky Jenkins,0,85.0,15.0,85.0,1,1,85.0,4.3,0.0
2479.0,Kelly Allen MD,0,78.0,25.0,85.0,3,1,72.0,4.7,-13.0
9133.0,Sean Smith,1,92.0,22.0,85.0,1,2,88.0,3.7,3.0
7928.0,Robert Johnson,1,78.0,20.0,65.0,3,2,78.0,2.0,13.0
9034.0,Susan Russell,0,90.0,30.0,70.0,0,0,92.0,4.8,22.0
6947.0,Ryan West,0,95.0,18.0,78.0,3,0,80.0,3.5,2.0
5144.0,Andrea Frey,0,88.0,30.0,85.0,2,0,78.0,1.9,-7.0
5929.0,Christina Fitzgerald,1,92.0,18.0,90.0,0,2,90.0,4.4,0.0
1555.0,Susan Roberson,0,90.0,17.0,77.0,0,2,62.0,4.4,-15.0
5275.0,Jessica Banks,1,95.0,8.0,86.0,2,1,80.0,2.3,-6.0
4010.0,Jodi Rogers,0,78.0,15.0,60.0,3,1,85.0,1.6,25.0
3585.0,Michelle Clay,1,82.0,10.0,86.0,0,2,78.0,2.4,-8.0
5270.0,Jacob Bean,1,91.0,30.0,82.0,3,0,62.0,1.8,-20.0
4677.0,Robert Harper,1,85.0,12.0,86.0,3,0,78.0,1.0,-8.0
5396.5,Valerie Gibson,0,91.0,8.0,86.0,2,0,87.0,4.8,1.0
1231.0,Michelle Graham,0,85.0,17.0,85.0,3,1,92.0,1.0,7.0
5717.0,Seth Johnson,0,70.0,10.0,60.0,3,1,92.0,5.0,32.0
5396.5,John Jones,1,70.0,10.0,78.0,2,2,92.0,3.1,14.0
8506.0,Julia Sanchez,1,85.0,17.0,65.0,1,1,62.0,3.4,-3.0
7935.0,Andrea Frey,0,90.0,20.0,70.0,1,0,90.0,4.7,20.0
1745.0,Justin Sharp,1,88.0,12.0,86.0,0,2,62.0,3.4,-24.0
3938.0,Thomas Yoder,0,88.0,12.0,77.0,1,2,68.0,0.4,-9.0
3323.0,Christine Mullins,0,90.0,30.0,78.0,0,2,85.0,3.7,7.0
5312.0,Timothy Mcbride,0,82.0,30.0,60.0,0,2,78.0,3.8,18.0
1871.0,Deborah Reyes,1,78.0,15.0,90.0,0,0,78.0,1.3,-12.0
8150.0,Chad Downs,1,85.0,15.0,78.0,1,1,72.0,2.4,-6.0
3425.0,William Hill,1,95.0,20.0,90.0,2,0,68.0,2.5,-22.0
1067.0,Makayla Rhodes,1,70.0,20.0,90.0,1,1,87.0,4.4,-3.0
2998.0,Clayton Jones,0,95.0,18.0,85.0,1,0,80.0,0.4,-5.0
8439.0,Sean Hernandez,0,91.0,15.0,88.0,1,1,88.0,4.8,0.0
4463.0,Christine Young,1,88.0,30.0,78.0,2,1,88.0,1.9,10.0
3916.0,Brian Hale,1,70.0,20.0,78.0,3,0,62.0,3.9,-16.0
2975.0,Sandra Hart,0,85.0,8.0,82.0,3,0,90.0,3.3,8.0
9021.0,Christine Curtis,0,70.0,17.0,82.0,3,1,62.0,0.5,-20.0
4053.0,Tara Johnson,0,70.0,20.0,78.0,2,2,78.0,3.4,0.0
9115.0,Stephanie Snyder,1,88.0,17.0,60.0,2,2,85.0,0.7,25.0
5073.0,Miguel Leblanc,0,88.0,22.0,78.0,2,0,80.0,2.6,2.0
7766.0,Christina Mcintyre,1,85.0,22.0,82.0,1,2,88.0,0.4,6.0
2866.0,John Weber,0,78.0,10.0,60.0,1,0,62.0,4.4,2.0
8454.0,Timothy Austin,0,91.0,18.0,88.0,0,0,68.0,0.4,-20.0
2742.0,Jeffrey Sullivan,0,82.0,15.0,78.0,0,0,80.0,0.9,2.0
7637.0,Michael Noble,0,88.0,22.0,86.0,1,1,62.0,4.0,-24.0
3213.0,Christine Shah,1,92.0,20.0,78.0,3,0,92.0,2.4,14.0
8139.0,Lisa Maynard,1,90.0,18.0,77.0,0,2,62.0,0.1,-15.0
8295.0,Lisa Lynch,0,85.0,15.0,77.0,3,0,92.0,1.5,15.0
6469.0,Angela Warren,1,90.0,8.0,60.0,1,1,88.0,3.0,28.0
1606.0,Mary Benson,0,70.0,18.0,70.0,3,1,80.0,4.7,10.0
1994.0,Yvonne Krueger,1,70.0,22.0,88.0,2,0,85.0,4.5,-3.0
2915.0,Keith Bailey,0,91.0,30.0,77.0,0,0,68.0,1.4,-9.0
6633.0,Barbara Case,0,92.0,12.0,90.0,3,1,90.0,4.6,0.0
3148.0,Jamie Torres,0,70.0,8.0,88.0,1,0,88.0,1.0,0.0
8911.0,Justin Jacobs,1,78.0,25.0,65.0,3,2,87.0,4.0,22.0
4845.0,Kevin Reynolds,1,82.0,15.0,78.0,1,2,90.0,3.4,12.0
2043.0,Michelle Kelly,0,70.0,20.0,86.0,3,0,72.0,1.1,-14.0
6820.0,Terry Hernandez,1,82.0,18.0,65.0,2,1,87.0,3.5,22.0
2817.0,Aaron Duarte,1,91.0,22.0,85.0,2,0,72.0,0.5,-13.0
4365.0,Micheal Perez,0,78.0,18.0,77.0,2,2,87.0,0.8,10.0
3257.0,Troy Bradford,1,92.0,17.0,60.0,1,0,78.0,1.7,18.0
2396.0,Bobby Wilkinson,0,95.0,8.0,88.0,3,0,72.0,2.1,-16.0
8025.0,Juan Lopez,0,88.0,17.0,70.0,1,0,78.0,0.7,8.0
2389.0,Virginia Medina,0,88.0,8.0,65.0,0,0,80.0,3.8,15.0
1947.0,Leah Holmes,0,70.0,8.0,78.0,2,1,90.0,4.5,12.0
9647.0,Todd Brooks,1,70.0,17.0,90.0,2,1,88.0,3.3,-2.0
7627.0,Madeline Rush,1,88.0,20.0,78.0,2,2,62.0,3.6,-16.0
5396.5,Ronnie Lee,0,92.0,20.0,70.0,2,2,72.0,2.5,2.0
1383.0,Nicole Frederick,1,82.0,22.0,82.0,3,2,62.0,4.9,-20.0
7110.0,Jason Adams,0,82.0,30.0,85.0,1,1,87.0,2.2,2.0
8424.0,Mallory Fletcher,0,92.0,22.0,86.0,2,1,92.0,1.8,6.0
7187.0,David Cummings,1,90.0,30.0,70.0,3,0,90.0,2.3,20.0
7751.0,Kelly Suarez,1,90.0,15.0,60.0,0,2,92.0,2.2,32.0
9502.0,Drew Morse,1,88.0,22.0,77.0,0,2,78.0,3.7,1.0
3364.0,Lauren Stephens,1,85.0,17.0,65.0,2,1,87.0,3.5,22.0
1534.0,Penny Miller,1,82.0,30.0,85.0,3,2,87.0,0.6,2.0
1659.0,Paula Stewart,1,90.0,30.0,82.0,1,2,85.0,2.4,3.0
3328.0,Jonathan Johnson,0,85.0,18.0,82.0,3,0,78.0,0.0,-4.0
2106.0,Laura Ross,1,70.0,17.0,86.0,2,1,78.0,4.5,-8.0
8786.0,Brandy Wilson,1,78.0,12.0,77.0,1,1,78.0,0.7,1.0
2463.0,Brittany Briggs,0,70.0,25.0,60.0,1,1,80.0,4.8,20.0
2450.0,Carl Coleman,1,85.0,22.0,82.0,2,1,87.0,3.2,5.0
9877.0,Crystal Chandler,1,91.0,12.0,90.0,1,1,80.0,0.6,-10.0
1310.0,Elizabeth Nichols,0,92.0,25.0,86.0,1,0,80.0,3.0,-6.0
9052.0,Jesse Barber,1,95.0,18.0,65.0,0,0,72.0,1.6,7.0
2878.0,Julie Jackson,1,82.0,10.0,82.0,0,0,85.0,3.8,3.0
7672.0,Cindy Morales,1,85.0,22.0,88.0,0,0,80.0,1.5,-8.0
3334.0,Andrea Frey,0,95.0,18.0,60.0,2,0,92.0,1.2,32.0
9076.0,Ashley Franco,0,90.0,18.0,78.0,1,2,72.0,2.0,-6.0
7676.0,Kimberly Calderon,1,85.0,18.0,70.0,3,1,87.0,1.2,17.0
5990.0,Lisa Brooks,0,85.0,20.0,70.0,3,0,90.0,2.7,20.0
9806.0,Destiny Todd,0,82.0,17.0,78.0,1,2,88.0,1.4,10.0
1985.0,Dawn Luna,0,88.0,22.0,78.0,1,2,92.0,2.9,14.0
1745.0,Jacob Yoder,1,82.0,22.0,85.0,2,0,62.0,3.5,-23.0
8077.0,Martha Moody,1,91.0,12.0,88.0,1,1,85.0,4.9,-3.0
5473.0,James Torres,1,95.0,30.0,90.0,1,1,90.0,0.1,0.0
5396.5,Joshua Robertson,0,85.0,15.0,65.0,0,1,78.0,3.8,13.0
2270.0,Shelly Stuart,1,85.0,20.0,88.0,0,1,90.0,1.9,2.0
3044.0,Julie Williams,0,95.0,25.0,77.0,1,0,80.0,3.8,3.0
4137.0,Tamara Jones,1,91.0,18.0,90.0,3,2,90.0,0.2,0.0
1116.0,Todd Orozco,1,70.0,20.0,78.0,3,1,78.0,0.9,0.0
2070.0,Jeffrey Torres,1,90.0,10.0,82.0,3,0,72.0,3.6,-10.0
1378.0,Chad Colon,0,82.0,17.0,78.0,1,1,80.0,-5.0,2.0
7666.0,Alan Williams,0,90.0,12.0,77.0,1,2,72.0,3.8,-5.0
1769.0,Cameron Austin,0,88.0,12.0,77.0,1,0,62.0,1.0,-15.0
4696.0,Dawn Nguyen,0,90.0,25.0,90.0,0,2,85.0,0.3,-5.0
1456.0,Andrea Phillips,0,70.0,15.0,86.0,1,2,92.0,0.5,6.0
1891.0,Robert Bishop,0,88.0,18.0,85.0,3,1,78.0,3.8,-7.0
3045.0,Melanie Mckinney,1,85.0,15.0,60.0,1,1,87.0,3.9,27.0
1897.0,Joseph Ellis,0,91.0,8.0,85.0,2,1,80.0,2.8,-5.0
7581.0,Jennifer Smith,1,91.0,8.0,90.0,3,1,88.0,0.1,-2.0
8014.0,Vickie Holloway,1,95.0,15.0,77.0,2,2,88.0,1.0,11.0
2106.0,Nancy Munoz,1,91.0,10.0,70.0,2,2,62.0,2.4,-8.0
4046.0,David Taylor,1,88.0,15.0,78.0,0,2,88.0,2.2,10.0
6098.0,Amber Gray,1,78.0,17.0,82.0,3,2,85.0,1.8,3.0
1939.0,Christian Barr,1,82.0,12.0,78.0,0,2,92.0,4.9,14.0
2120.0,Kimberly Harrison,1,92.0,17.0,77.0,3,1,90.0,4.3,13.0
5909.0,Mark Fleming,0,95.0,10.0,85.0,1,0,78.0,1.1,-7.0
4772.0,Felicia Carpenter,0,88.0,25.0,90.0,1,1,90.0,4.0,0.0
7558.0,Rebecca Kelly,1,85.0,30.0,78.0,2,2,80.0,2.8,2.0
8215.0,Aaron Walls,1,91.0,30.0,78.0,1,0,92.0,1.4,14.0
3855.0,Mark King,0,82.0,25.0,65.0,3,0,68.0,4.2,3.0
3248.0,James Macdonald,0,90.0,30.0,90.0,2,2,92.0,1.8,2.0
9633.0,Alexander Thompson,0,90.0,20.0,65.0,0,0,92.0,2.7,27.0
6209.0,Kaitlin Walton,0,92.0,18.0,86.0,3,0,72.0,1.5,-14.0
5049.0,Ashley Kaufman,1,88.0,10.0,70.0,3,2,92.0,3.6,22.0
2062.0,Megan Bernard,1,82.0,8.0,70.0,1,2,72.0,2.3,2.0
9609.0,Kelly Harper,0,85.0,17.0,82.0,3,2,88.0,3.2,6.0
4325.0,Daniel White,0,92.0,8.0,90.0,2,2,62.0,2.9,-28.0
2388.0,Justin Castro,1,90.0,18.0,77.0,2,2,92.0,2.9,15.0
7981.0,John Odonnell,0,85.0,8.0,60.0,1,2,90.0,1.4,30.0
8236.0,Whitney Tapia,1,88.0,20.0,88.0,2,0,72.0,2.6,-16.0
5528.0,Jeff Lawrence,1,90.0,20.0,85.0,1,0,72.0,2.5,-13.0
5096.0,Jeremy Shields,0,88.0,25.0,86.0,0,1,72.0,4.6,-14.0
5617.0,Matthew Davies,0,70.0,8.0,86.0,1,2,72.0,4.9,-14.0
4728.0,Christine Hamilton,1,92.0,17.0,90.0,2,1,72.0,3.8,-18.0
6581.0,Crystal Proctor,1,95.0,25.0,60.0,0,0,78.0,2.2,18.0
5396.5,Tracy Kelley,1,91.0,10.0,82.0,1,2,90.0,1.7,8.0
7608.0,Victoria Mcbride,0,95.0,22.0,78.0,3,0,68.0,0.8,-10.0
7247.0,Ellen Cross MD,1,70.0,20.0,70.0,0,0,78.0,0.5,8.0
5991.0,David Stevens,1,88.0,20.0,70.0,0,0,88.0,2.4,18.0
2138.0,Frank Brown DDS,0,88.0,25.0,90.0,2,1,72.0,0.3,-18.0
5396.5,Jenna Price,1,78.0,30.0,60.0,0,0,87.0,0.6,27.0
2126.0,Deborah Barajas,0,88.0,10.0,90.0,2,2,78.0,0.8,-12.0
4325.0,Richard Howard Jr.,1,88.0,25.0,78.0,0,2,87.0,4.1,9.0
9615.0,Anita Dougherty,0,91.0,17.0,77.0,1,1,80.0,3.7,3.0
6681.0,Alicia Watson,0,70.0,22.0,65.0,0,0,68.0,4.5,3.0
8501.0,Deborah Hunter,0,78.0,22.0,85.0,0,1,80.0,1.2,-5.0
9810.0,Morgan Gilbert,0,90.0,25.0,77.0,0,1,87.0,5.0,10.0
9264.0,Taylor Crawford,0,70.0,17.0,65.0,2,0,72.0,0.2,7.0
8567.0,Danny Sanchez,0,95.0,8.0,90.0,0,0,80.0,1.3,-10.0
6359.0,Cory Rosario DDS,0,85.0,17.0,85.0,2,1,92.0,3.6,7.0
8713.0,Andrea Frey,0,78.0,18.0,78.0,3,0,68.0,1.5,-10.0
3759.0,Kyle Perez,1,85.0,18.0,65.0,1,2,68.0,1.1,3.0
8242.0,Kelly Gibson MD,1,82.0,20.0,60.0,2,2,80.0,3.0,20.0
4305.0,Angela Garcia,1,95.0,25.0,90.0,2,0,62.0,0.1,-28.0
4148.0,Dylan Vaughan,1,92.0,20.0,65.0,0,0,62.0,2.6,-3.0
4105.0,Kevin Santiago,1,82.0,8.0,60.0,2,0,92.0,0.5,32.0
1245.0,Terry Rodriguez,0,95.0,15.0,60.0,3,2,92.0,0.3,32.0
1719.0,Chad Mason,1,92.0,8.0,82.0,3,2,87.0,3.6,5.0
5127.0,Jessica Ferguson,1,91.0,30.0,60.0,0,2,68.0,3.2,8.0
8899.0,Andrew Schroeder,1,95.0,18.0,86.0,3,2,62.0,2.6,-24.0
9248.0,Jeffrey Garcia,1,88.0,15.0,86.0,1,2,92.0,3.7,6.0
2300.0,Jason Hood,1,78.0,30.0,77.0,2,0,68.0,1.9,-9.0
4900.0,Sandra Leon,0,88.0,10.0,78.0,1,1,80.0,2.6,2.0
1388.0,Tyler Mccormick,1,95.0,30.0,90.0,3,1,80.0,4.5,-10.0
4644.0,Megan Murphy,0,82.0,30.0,65.0,1,1,80.0,0.3,15.0
4153.0,Charles Vincent,1,78.0,18.0,65.0,2,0,88.0,2.7,23.0
4871.0,Mrs. Cindy Sharp DVM,1,70.0,17.0,82.0,1,1,92.0,1.2,10.0
5966.0,Andrea Frey,0,91.0,17.0,90.0,2,2,87.0,4.8,-3.0
7188.0,Sarah Dixon,1,85.0,17.0,60.0,2,1,62.0,3.8,2.0
1324.0,Teresa Rodriguez,0,70.0,20.0,82.0,3,1,68.0,2.8,-14.0
7233.0,Shannon Spencer,0,88.0,17.0,82.0,0,1,88.0,2.4,6.0
8688.0,Darlene Tapia,1,78.0,25.0,78.0,1,1,90.0,2.5,12.0
7113.0,Ryan Ball,0,85.0,18.0,86.0,2,2,80.0,5.0,-6.0
3660.0,Anita Berger,1,70.0,18.0,88.0,2,1,78.0,3.2,-10.0
7313.0,Tom Bradley,1,92.0,25.0,77.0,1,2,80.0,3.5,3.0
5281.0,Melinda Cummings,0,78.0,18.0,90.0,3,1,68.0,0.1,-22.0
7297.0,Melissa Donaldson,0,91.0,20.0,70.0,3,2,68.0,4.1,-2.0
9202.0,Charles Pearson,0,91.0,18.0,60.0,2,0,80.0,3.9,20.0
5407.0,Isaiah Moore,1,70.0,18.0,78.0,0,2,80.0,0.5,2.0
9600.0,Jonathan Ramirez,1,88.0,8.0,65.0,0,2,68.0,3.5,3.0
3981.0,Mrs. Melanie Mueller,1,85.0,22.0,90.0,0,0,80.0,3.7,-10.0
5249.0,Ms. Heather Dean,0,85.0,22.0,85.0,0,0,85.0,0.4,0.0
2052.0,David Malone,0,85.0,22.0,90.0,1,2,87.0,0.0,-3.0
1685.0,Melissa Brown,1,92.0,12.0,78.0,0,1,72.0,4.9,-6.0
8961.0,Jason Woods,0,95.0,22.0,60.0,1,2,90.0,5.0,30.0
7528.0,Rachel Diaz,0,91.0,15.0,88.0,1,0,80.0,2.3,-8.0
3275.0,Michael Jones,1,91.0,20.0,70.0,2,1,92.0,1.8,22.0
9436.0,Taylor Mcgee,0,92.0,15.0,88.0,1,1,90.0,4.4,2.0
8279.0,Christopher Ray,1,91.0,17.0,60.0,3,0,90.0,2.1,30.0
7305.0,Alyssa Berg MD,0,91.0,25.0,65.0,1,1,80.0,0.2,15.0
5396.5,Jordan Thornton,0,78.0,17.0,85.0,1,1,72.0,1.2,-13.0
2465.0,Dr. James Henry DDS,1,70.0,15.0,65.0,1,2,85.0,1.1,20.0
3016.0,James Stevens,1,82.0,17.0,85.0,1,0,88.0,3.8,3.0
6623.0,Kevin Marquez,0,70.0,12.0,60.0,3,0,85.0,0.6,25.0
2460.0,Colleen Porter,0,91.0,25.0,85.0,3,2,68.0,4.3,-17.0
6092.0,Christian Odom,1,91.0,12.0,90.0,0,2,90.0,3.9,0.0
9515.0,Calvin Macias,1,90.0,8.0,78.0,2,2,90.0,0.7,12.0
9189.0,Kim Fischer,0,78.0,22.0,82.0,0,1,80.0,3.0,-2.0
5480.0,Travis Schultz,0,92.0,17.0,82.0,0,0,90.0,0.8,8.0
4687.0,Bonnie Morris,1,78.0,17.0,60.0,2,1,68.0,5.0,8.0
6528.0,Tiffany Morris,0,85.0,30.0,60.0,0,0,72.0,3.6,12.0
9978.0,Paul Poole,0,90.0,10.0,88.0,3,0,85.0,2.3,-3.0
8239.0,Richard Perez,0,88.0,10.0,90.0,3,1,92.0,3.7,2.0
2670.0,Bernard Whitaker,1,70.0,8.0,65.0,1,0,90.0,4.9,25.0
2922.0,Melinda Miller,0,91.0,8.0,65.0,0,0,80.0,0.6,15.0
5959.0,Christina Gonzales,1,70.0,20.0,77.0,0,2,78.0,1.8,1.0
2353.0,Maria Gray,1,85.0,12.0,90.0,1,1,88.0,4.9,-2.0
2549.0,Mary Bennett,1,70.0,17.0,60.0,2,1,68.0,0.5,8.0
7640.0,Dr. Erik Pineda,1,70.0,12.0,70.0,2,2,87.0,2.6,17.0
4399.0,Sandra Burns,1,78.0,22.0,65.0,1,1,78.0,4.0,13.0
3110.0,Patricia Hunt,1,78.0,20.0,70.0,2,0,87.0,4.9,17.0
6956.0,Erika Kennedy,1,70.0,15.0,90.0,2,0,72.0,4.5,-18.0
3291.0,Timothy Newman,0,95.0,12.0,88.0,3,1,72.0,1.0,-16.0
4884.0,Tanya Bowen,1,92.0,10.0,82.0,3,0,88.0,2.8,6.0
5544.0,Rhonda Davenport,1,91.0,8.0,85.0,2,2,85.0,1.9,0.0
8472.0,Cheryl Brown,1,88.0,8.0,65.0,2,0,87.0,3.1,22.0
7097.0,Angela Bridges,1,70.0,10.0,88.0,0,2,80.0,4.8,-8.0
5425.0,Brandon Rasmussen,1,82.0,20.0,70.0,0,0,90.0,3.2,20.0
5476.0,Ryan Beltran,1,92.0,18.0,78.0,1,2,92.0,1.9,14.0
3879.0,Allison Novak,0,91.0,17.0,85.0,2,2,88.0,4.3,3.0
5396.5,Matthew Winters,1,78.0,30.0,60.0,0,2,72.0,2.8,12.0
3090.0,Kirsten Davis,0,85.0,12.0,78.0,0,0,62.0,2.8,-16.0
7064.0,Paige Turner,1,91.0,8.0,77.0,0,2,80.0,4.0,3.0
5519.0,Aimee Christensen,0,88.0,25.0,82.0,2,2,62.0,3.9,-20.0
2256.0,Jessica Howard,1,90.0,10.0,86.0,1,0,85.0,2.8,-1.0
7946.0,Lisa Zhang,1,85.0,17.0,70.0,2,1,87.0,2.0,17.0
1119.0,Jonathan Daniel,0,88.0,30.0,90.0,2,1,88.0,0.2,-2.0
9577.0,Cheyenne Oliver,1,78.0,18.0,88.0,0,0,90.0,4.8,2.0
7211.0,Brianna Henderson,1,95.0,20.0,88.0,3,1,87.0,1.5,-1.0
5337.0,Mark Sanchez,1,85.0,22.0,60.0,3,2,72.0,4.1,12.0
8999.0,Melissa Nguyen,1,95.0,15.0,86.0,1,2,85.0,1.8,-1.0
4050.0,Jeff Carney,1,95.0,15.0,85.0,0,2,92.0,0.4,7.0
7729.0,Tammy Tanner,1,88.0,15.0,65.0,2,0,78.0,2.0,13.0
8017.0,Donna Robinson,1,88.0,18.0,85.0,1,1,78.0,0.8,-7.0
1095.0,Eric Wilson,0,92.0,20.0,90.0,2,0,68.0,2.0,-22.0
1517.0,Linda Armstrong,1,92.0,17.0,82.0,2,2,78.0,2.8,-4.0
6322.0,Russell Jones,0,82.0,8.0,65.0,1,0,80.0,0.6,15.0
4874.0,Darlene Burton,1,95.0,8.0,86.0,1,2,78.0,1.4,-8.0
8027.0,Faith Johnson,1,91.0,10.0,70.0,0,0,85.0,3.8,15.0
8031.0,Nathan Miller,1,85.0,20.0,70.0,3,0,92.0,5.0,22.0
4758.0,Donna Fowler,1,78.0,18.0,78.0,2,0,68.0,2.1,-10.0
2489.0,Whitney Jefferson,1,70.0,8.0,70.0,2,1,92.0,1.1,22.0
2005.0,Shane Sanders,0,85.0,18.0,85.0,2,2,85.0,4.7,0.0
5046.0,Felicia Cline,0,85.0,10.0,78.0,1,0,90.0,1.1,12.0
2650.0,Jennifer Clark,0,78.0,18.0,78.0,1,2,85.0,0.6,7.0
3134.0,Miss Carla Coleman MD,0,95.0,30.0,86.0,2,1,90.0,1.2,4.0
7292.0,William Nelson,1,90.0,10.0,86.0,2,0,88.0,2.5,2.0
4160.0,Crystal Brown,0,90.0,20.0,70.0,3,2,85.0,3.6,15.0
9741.0,Erica Miller,1,85.0,10.0,90.0,0,1,85.0,4.5,-5.0
6996.0,Andrea Frey,0,90.0,8.0,85.0,1,2,72.0,4.7,-13.0
3735.0,Andrea Frey,0,78.0,18.0,78.0,3,0,80.0,3.7,2.0
9723.0,Emily Martin,1,78.0,17.0,70.0,1,1,62.0,2.0,-8.0
4015.0,Erica Miller,1,78.0,22.0,90.0,3,1,80.0,4.4,-10.0
9254.0,Wesley May,0,88.0,25.0,82.0,2,1,87.0,0.9,5.0
5781.0,Christopher Atkinson,1,78.0,18.0,65.0,2,0,92.0,4.9,27.0
1022.0,Blake Martinez,0,91.0,30.0,88.0,2,1,72.0,1.3,-16.0
5831.0,Joy Henderson,1,85.0,18.0,88.0,3,1,85.0,0.9,-3.0
7258.0,Mary Ramos,0,91.0,12.0,90.0,1,0,90.0,1.3,0.0
3550.0,Colleen Sanchez,0,92.0,8.0,88.0,0,2,87.0,2.5,-1.0
3885.0,David Cruz,1,91.0,17.0,65.0,1,0,85.0,0.8,20.0
4077.0,Ralph Becker,1,78.0,20.0,60.0,3,2,62.0,0.5,2.0
1193.0,Denise Coleman,1,70.0,8.0,78.0,2,0,80.0,0.7,2.0
5385.0,Andrea Frey,1,91.0,15.0,78.0,2,1,90.0,4.3,12.0
3281.0,Samantha Mendoza,0,91.0,18.0,65.0,2,2,78.0,0.8,13.0
9906.0,Sean Lyons,1,88.0,15.0,85.0,2,2,80.0,2.6,-5.0
1019.0,Anthony Smith,1,85.0,25.0,60.0,0,0,90.0,3.3,30.0
2841.0,Deborah Hernandez,0,78.0,20.0,90.0,2,2,90.0,0.4,0.0
6906.0,Kristi Price,1,85.0,22.0,65.0,0,2,72.0,1.7,7.0
3461.0,Alex Douglas,0,91.0,18.0,88.0,2,2,78.0,3.3,-10.0
1035.0,Ian Mcdonald,1,78.0,30.0,65.0,0,2,78.0,4.1,13.0
5562.0,David Bauer,1,90.0,30.0,65.0,0,2,90.0,1.6,25.0
7782.0,Steven Hill,0,78.0,25.0,60.0,0,1,78.0,2.5,18.0
7301.0,Linda Beasley,1,91.0,8.0,70.0,3,1,92.0,3.5,22.0
1046.0,Maria Edwards,1,85.0,18.0,70.0,1,0,87.0,0.3,17.0
3283.0,Megan Hutchinson,0,85.0,10.0,70.0,0,0,92.0,4.1,22.0
2920.0,Jaime Simon,1,70.0,15.0,60.0,1,0,87.0,3.3,27.0
3591.0,Thomas Freeman,1,78.0,30.0,65.0,2,0,87.0,0.1,22.0
5396.5,Nancy Gibson,0,78.0,12.0,82.0,1,2,90.0,2.2,8.0
5698.0,Holly Leon,1,78.0,15.0,78.0,3,0,72.0,2.5,-6.0
8443.0,Travis Pierce,0,91.0,12.0,82.0,3,2,68.0,1.4,-14.0
5396.5,Nina Fowler,1,70.0,22.0,78.0,3,2,68.0,4.1,-10.0
8674.0,Kristen Galloway,0,95.0,8.0,60.0,0,0,90.0,3.2,30.0
2776.0,Raven Taylor,1,90.0,30.0,86.0,1,0,92.0,1.4,6.0
2070.0,Samuel Robinson,1,91.0,15.0,82.0,3,1,92.0,3.2,10.0
5410.0,Christina Johnson,1,91.0,22.0,78.0,3,0,80.0,0.2,2.0
1138.0,Holly Spencer,0,88.0,8.0,70.0,3,2,62.0,3.6,-8.0
6428.0,Jessica Davies,0,82.0,20.0,70.0,0,0,88.0,4.0,18.0
5753.0,Daniel Sullivan,1,78.0,17.0,85.0,2,1,92.0,4.4,7.0
3638.0,Richard Franklin,0,85.0,10.0,88.0,2,2,88.0,4.3,0.0
7350.0,Samantha Klein,1,92.0,22.0,86.0,2,0,88.0,3.1,2.0
1244.0,Becky Perkins,1,88.0,12.0,85.0,1,0,78.0,1.6,-7.0
2116.0,Kimberly Pena,0,91.0,30.0,88.0,2,0,68.0,3.6,-20.0
8753.0,Rebecca Burnett,1,85.0,10.0,85.0,3,2,80.0,1.8,-5.0
7701.0,Anna Martinez,1,85.0,30.0,70.0,3,2,90.0,0.4,20.0
5396.5,James Garcia,1,91.0,15.0,90.0,2,0,68.0,4.3,-22.0
3592.0,Monica Johnson,0,90.0,25.0,60.0,1,1,87.0,1.7,27.0
2787.0,Shannon Porter,1,78.0,20.0,60.0,0,0,62.0,1.6,2.0
5396.5,Kenneth Murray,1,85.0,20.0,78.0,1,0,72.0,0.8,-6.0
4497.0,Amy Stout,0,91.0,18.0,86.0,0,0,90.0,3.9,4.0
1886.0,Andrea Frey,1,85.0,8.0,82.0,2,1,68.0,0.4,-14.0
7636.0,Joseph Sherman,1,88.0,17.0,60.0,2,0,85.0,0.9,25.0
8021.0,Maria Walls,0,88.0,10.0,90.0,1,2,80.0,2.4,-10.0
